pdb_id,model,position,sasa_nm2,match
1UBQ,fullbackbone,0,0.5695266127586365,1
1UBQ,fullbackbone,1,0.7792865037918091,0
1UBQ,fullbackbone,2,0.0,1
1UBQ,fullbackbone,3,0.5472065210342407,1
1UBQ,fullbackbone,4,0.005031784530729055,1
1UBQ,fullbackbone,5,0.9980280995368958,0
1UBQ,fullbackbone,6,0.2656843960285187,0
1UBQ,fullbackbone,7,1.408748984336853,0
1UBQ,fullbackbone,8,1.2398656606674194,0
1UBQ,fullbackbone,9,0.6873447299003601,1
1UBQ,fullbackbone,10,0.9444276094436646,0
1UBQ,fullbackbone,11,0.6734150648117065,1
1UBQ,fullbackbone,12,0.07421881705522537,0
1UBQ,fullbackbone,13,0.6162447929382324,0
1UBQ,fullbackbone,14,0.07882507890462875,1
1UBQ,fullbackbone,15,1.4761719703674316,1
1UBQ,fullbackbone,16,0.051438357681035995,1
1UBQ,fullbackbone,17,1.0110810995101929,1
1UBQ,fullbackbone,18,0.46292418241500854,1
1UBQ,fullbackbone,19,0.8538570404052734,1
1UBQ,fullbackbone,20,0.34992629289627075,1
1UBQ,fullbackbone,21,0.46899738907814026,1
1UBQ,fullbackbone,22,0.0037738382816314697,1
1UBQ,fullbackbone,23,1.2160815000534058,0
1UBQ,fullbackbone,24,0.5212242603302002,0
1UBQ,fullbackbone,25,0.0012579461326822639,0
1UBQ,fullbackbone,26,0.15718209743499756,1
1UBQ,fullbackbone,27,0.45666444301605225,0
1UBQ,fullbackbone,28,0.6622087955474854,1
1UBQ,fullbackbone,29,0.016353299841284752,1
1UBQ,fullbackbone,30,0.7844904065132141,0
1UBQ,fullbackbone,31,1.3571693897247314,0
1UBQ,fullbackbone,32,1.1039484739303589,1
1UBQ,fullbackbone,33,0.743085503578186,0
1UBQ,fullbackbone,34,0.48775625228881836,1
1UBQ,fullbackbone,35,0.3132286071777344,1
1UBQ,fullbackbone,36,0.47424572706222534,1
1UBQ,fullbackbone,37,0.4910731613636017,1
1UBQ,fullbackbone,38,0.8501046895980835,0
1UBQ,fullbackbone,39,0.45306456089019775,0
1UBQ,fullbackbone,40,0.0033483095467090607,1
1UBQ,fullbackbone,41,0.907763659954071,0
1UBQ,fullbackbone,42,0.005814565345644951,1
1UBQ,fullbackbone,43,0.2918435037136078,1
1UBQ,fullbackbone,44,0.3736100196838379,0
1UBQ,fullbackbone,45,0.7368245124816895,0
1UBQ,fullbackbone,46,0.7673611640930176,1
1UBQ,fullbackbone,47,0.9185010194778442,1
1UBQ,fullbackbone,48,1.0358476638793945,0
1UBQ,fullbackbone,49,0.08301716297864914,1
1UBQ,fullbackbone,50,1.1944499015808105,1
1UBQ,fullbackbone,51,0.6503562927246094,1
1UBQ,fullbackbone,52,0.48757117986679077,0
1UBQ,fullbackbone,53,1.1886446475982666,0
1UBQ,fullbackbone,54,0.30032816529273987,1
1UBQ,fullbackbone,55,0.0012579461326822639,1
1UBQ,fullbackbone,56,0.6608108282089233,0
1UBQ,fullbackbone,57,0.9101500511169434,1
1UBQ,fullbackbone,58,0.41616785526275635,1
1UBQ,fullbackbone,59,1.1292176246643066,1
1UBQ,fullbackbone,60,0.06475703418254852,1
1UBQ,fullbackbone,61,1.1837695837020874,0
1UBQ,fullbackbone,62,1.3238420486450195,0
1UBQ,fullbackbone,63,1.0294944047927856,0
1UBQ,fullbackbone,64,0.18877056241035461,0
1UBQ,fullbackbone,65,0.5598917007446289,1
1UBQ,fullbackbone,66,0.0025158922653645277,0
1UBQ,fullbackbone,67,0.8396555185317993,0
1UBQ,fullbackbone,68,0.06716395914554596,1
1UBQ,fullbackbone,69,0.3685782253742218,0
1UBQ,fullbackbone,70,0.8183150291442871,1
1UBQ,fullbackbone,71,1.1248865127563477,0
1UBQ,fullbackbone,72,1.1756622791290283,0
1UBQ,fullbackbone,73,2.0699427127838135,0
1UBQ,fullbackbone,74,0.7447326183319092,1
1UBQ,fullbackbone,75,1.456881046295166,1
1UBQ,ca_only,0,0.5695266127586365,1
1UBQ,ca_only,1,0.7792865037918091,0
1UBQ,ca_only,2,0.0,1
1UBQ,ca_only,3,0.5472065210342407,0
1UBQ,ca_only,4,0.005031784530729055,0
1UBQ,ca_only,5,0.9980280995368958,0
1UBQ,ca_only,6,0.2656843960285187,0
1UBQ,ca_only,7,1.408748984336853,0
1UBQ,ca_only,8,1.2398656606674194,0
1UBQ,ca_only,9,0.6873447299003601,1
1UBQ,ca_only,10,0.9444276094436646,1
1UBQ,ca_only,11,0.6734150648117065,0
1UBQ,ca_only,12,0.07421881705522537,1
1UBQ,ca_only,13,0.6162447929382324,0
1UBQ,ca_only,14,0.07882507890462875,1
1UBQ,ca_only,15,1.4761719703674316,1
1UBQ,ca_only,16,0.051438357681035995,1
1UBQ,ca_only,17,1.0110810995101929,0
1UBQ,ca_only,18,0.46292418241500854,0
1UBQ,ca_only,19,0.8538570404052734,0
1UBQ,ca_only,20,0.34992629289627075,1
1UBQ,ca_only,21,0.46899738907814026,1
1UBQ,ca_only,22,0.0037738382816314697,1
1UBQ,ca_only,23,1.2160815000534058,1
1UBQ,ca_only,24,0.5212242603302002,0
1UBQ,ca_only,25,0.0012579461326822639,1
1UBQ,ca_only,26,0.15718209743499756,1
1UBQ,ca_only,27,0.45666444301605225,0
1UBQ,ca_only,28,0.6622087955474854,1
1UBQ,ca_only,29,0.016353299841284752,1
1UBQ,ca_only,30,0.7844904065132141,0
1UBQ,ca_only,31,1.3571693897247314,0
1UBQ,ca_only,32,1.1039484739303589,1
1UBQ,ca_only,33,0.743085503578186,0
1UBQ,ca_only,34,0.48775625228881836,1
1UBQ,ca_only,35,0.3132286071777344,1
1UBQ,ca_only,36,0.47424572706222534,1
1UBQ,ca_only,37,0.4910731613636017,1
1UBQ,ca_only,38,0.8501046895980835,0
1UBQ,ca_only,39,0.45306456089019775,0
1UBQ,ca_only,40,0.0033483095467090607,1
1UBQ,ca_only,41,0.907763659954071,0
1UBQ,ca_only,42,0.005814565345644951,1
1UBQ,ca_only,43,0.2918435037136078,1
1UBQ,ca_only,44,0.3736100196838379,1
1UBQ,ca_only,45,0.7368245124816895,0
1UBQ,ca_only,46,0.7673611640930176,1
1UBQ,ca_only,47,0.9185010194778442,1
1UBQ,ca_only,48,1.0358476638793945,0
1UBQ,ca_only,49,0.08301716297864914,1
1UBQ,ca_only,50,1.1944499015808105,0
1UBQ,ca_only,51,0.6503562927246094,1
1UBQ,ca_only,52,0.48757117986679077,0
1UBQ,ca_only,53,1.1886446475982666,0
1UBQ,ca_only,54,0.30032816529273987,1
1UBQ,ca_only,55,0.0012579461326822639,1
1UBQ,ca_only,56,0.6608108282089233,0
1UBQ,ca_only,57,0.9101500511169434,1
1UBQ,ca_only,58,0.41616785526275635,1
1UBQ,ca_only,59,1.1292176246643066,0
1UBQ,ca_only,60,0.06475703418254852,1
1UBQ,ca_only,61,1.1837695837020874,0
1UBQ,ca_only,62,1.3238420486450195,0
1UBQ,ca_only,63,1.0294944047927856,0
1UBQ,ca_only,64,0.18877056241035461,0
1UBQ,ca_only,65,0.5598917007446289,1
1UBQ,ca_only,66,0.0025158922653645277,0
1UBQ,ca_only,67,0.8396555185317993,0
1UBQ,ca_only,68,0.06716395914554596,1
1UBQ,ca_only,69,0.3685782253742218,0
1UBQ,ca_only,70,0.8183150291442871,0
1UBQ,ca_only,71,1.1248865127563477,0
1UBQ,ca_only,72,1.1756622791290283,0
1UBQ,ca_only,73,2.0699427127838135,0
1UBQ,ca_only,74,0.7447326183319092,0
1UBQ,ca_only,75,1.456881046295166,0
2LZM,fullbackbone,0,0.951280951499939,1
2LZM,fullbackbone,1,0.6522268056869507,1
2LZM,fullbackbone,2,0.2100282460451126,1
2LZM,fullbackbone,3,0.7818564772605896,0
2LZM,fullbackbone,4,0.823145866394043,1
2LZM,fullbackbone,5,0.0,1
2LZM,fullbackbone,6,0.0,1
2LZM,fullbackbone,7,0.9391838312149048,0
2LZM,fullbackbone,8,0.5765429735183716,1
2LZM,fullbackbone,9,0.2310333549976349,0
2LZM,fullbackbone,10,0.3641706109046936,1
2LZM,fullbackbone,11,0.18216460943222046,1
2LZM,fullbackbone,12,0.525748074054718,1
2LZM,fullbackbone,13,1.1269052028656006,0
2LZM,fullbackbone,14,0.6718558073043823,1
2LZM,fullbackbone,15,1.1695902347564697,1
2LZM,fullbackbone,16,0.2907055616378784,1
2LZM,fullbackbone,17,0.3370736539363861,1
2LZM,fullbackbone,18,1.2200894355773926,1
2LZM,fullbackbone,19,0.5616049766540527,0
2LZM,fullbackbone,20,1.0920783281326294,0
2LZM,fullbackbone,21,0.9220762252807617,0
2LZM,fullbackbone,22,0.36249813437461853,1
2LZM,fullbackbone,23,0.6563836932182312,1
2LZM,fullbackbone,24,0.31771472096443176,1
2LZM,fullbackbone,25,0.058981627225875854,1
2LZM,fullbackbone,26,0.0,1
2LZM,fullbackbone,27,0.018727349117398262,1
2LZM,fullbackbone,28,0.06783951818943024,1
2LZM,fullbackbone,29,0.190181702375412,1
2LZM,fullbackbone,30,0.3352927267551422,1
2LZM,fullbackbone,31,0.7437516450881958,1
2LZM,fullbackbone,32,0.2030448615550995,1
2LZM,fullbackbone,33,0.24324321746826172,1
2LZM,fullbackbone,34,1.3813750743865967,1
2LZM,fullbackbone,35,0.36425793170928955,0
2LZM,fullbackbone,36,1.2016563415527344,1
2LZM,fullbackbone,37,0.49393075704574585,1
2LZM,fullbackbone,38,0.7495895624160767,1
2LZM,fullbackbone,39,1.175919771194458,0
2LZM,fullbackbone,40,0.3516371250152588,0
2LZM,fullbackbone,41,0.0,1
2LZM,fullbackbone,42,0.49468040466308594,1
2LZM,fullbackbone,43,0.6862480640411377,0
2LZM,fullbackbone,44,0.5896793603897095,0
2LZM,fullbackbone,45,0.0,1
2LZM,fullbackbone,46,0.3866976797580719,1
2LZM,fullbackbone,47,1.4237700700759888,1
2LZM,fullbackbone,48,0.4756324291229248,1
2LZM,fullbackbone,49,0.4226408004760742,1
2LZM,fullbackbone,50,0.6622523069381714,1
2LZM,fullbackbone,51,0.9120782613754272,1
2LZM,fullbackbone,52,1.3119779825210571,0
2LZM,fullbackbone,53,0.06250177323818207,0
2LZM,fullbackbone,54,1.1872334480285645,1
2LZM,fullbackbone,55,0.008805623278021812,1
2LZM,fullbackbone,56,0.6182003021240234,1
2LZM,fullbackbone,57,0.08764205873012543,1
2LZM,fullbackbone,58,0.638252854347229,1
2LZM,fullbackbone,59,1.05647873878479,1
2LZM,fullbackbone,60,1.0138990879058838,0
2LZM,fullbackbone,61,0.3338712453842163,1
2LZM,fullbackbone,62,0.01590912975370884,1
2LZM,fullbackbone,63,0.8424073457717896,1
2LZM,fullbackbone,64,1.190405249595642,1
2LZM,fullbackbone,65,0.07170292735099792,1
2LZM,fullbackbone,66,0.14131638407707214,1
2LZM,fullbackbone,67,0.8514750003814697,0
2LZM,fullbackbone,68,0.9456616640090942,0
2LZM,fullbackbone,69,0.37884771823883057,1
2LZM,fullbackbone,70,0.07421882450580597,0
2LZM,fullbackbone,71,0.7499154210090637,0
2LZM,fullbackbone,72,0.4661233425140381,0
2LZM,fullbackbone,73,0.0810306966304779,1
2LZM,fullbackbone,74,0.3720683753490448,0
2LZM,fullbackbone,75,1.2806864976882935,0
2LZM,fullbackbone,76,0.03522249311208725,0
2LZM,fullbackbone,77,0.0012579461326822639,1
2LZM,fullbackbone,78,0.7548762559890747,0
2LZM,fullbackbone,79,1.7896132469177246,0
2LZM,fullbackbone,80,0.23283255100250244,1
2LZM,fullbackbone,81,0.8660906553268433,0
2LZM,fullbackbone,82,1.2996487617492676,0
2LZM,fullbackbone,83,0.0012579461326822639,1
2LZM,fullbackbone,84,0.7565246820449829,1
2LZM,fullbackbone,85,0.5465645790100098,1
2LZM,fullbackbone,86,0.028932761400938034,1
2LZM,fullbackbone,87,0.34063515067100525,1
2LZM,fullbackbone,88,0.7865722179412842,0
2LZM,fullbackbone,89,0.3541651666164398,1
2LZM,fullbackbone,90,0.07717160135507584,1
2LZM,fullbackbone,91,0.54697585105896,1
2LZM,fullbackbone,92,0.7354178428649902,0
2LZM,fullbackbone,93,0.28220632672309875,1
2LZM,fullbackbone,94,0.21871772408485413,1
2LZM,fullbackbone,95,0.7084691524505615,0
2LZM,fullbackbone,96,0.19301944971084595,0
2LZM,fullbackbone,97,0.0,1
2LZM,fullbackbone,98,0.0075476765632629395,1
2LZM,fullbackbone,99,0.10692542046308517,1
2LZM,fullbackbone,100,0.007974083535373211,0
2LZM,fullbackbone,101,0.046007316559553146,1
2LZM,fullbackbone,102,0.11312195658683777,1
2LZM,fullbackbone,103,0.3283020853996277,0
2LZM,fullbackbone,104,0.6424151659011841,0
2LZM,fullbackbone,105,0.5927257537841797,0
2LZM,fullbackbone,106,0.27347075939178467,1
2LZM,fullbackbone,107,0.5280734300613403,1
2LZM,fullbackbone,108,1.1278562545776367,0
2LZM,fullbackbone,109,0.3162265717983246,1
2LZM,fullbackbone,110,0.006289730779826641,1
2LZM,fullbackbone,111,0.22973404824733734,1
2LZM,fullbackbone,112,0.5474257469177246,0
2LZM,fullbackbone,113,0.41386428475379944,1
2LZM,fullbackbone,114,0.833518385887146,1
2LZM,fullbackbone,115,0.8244886994361877,0
2LZM,fullbackbone,116,0.021247651427984238,0
2LZM,fullbackbone,117,0.14969559013843536,1
2LZM,fullbackbone,118,1.137054681777954,0
2LZM,fullbackbone,119,0.3126709461212158,0
2LZM,fullbackbone,120,0.032706599682569504,1
2LZM,fullbackbone,121,0.8957760334014893,0
2LZM,fullbackbone,122,0.9893781542778015,0
2LZM,fullbackbone,123,0.9434369802474976,1
2LZM,fullbackbone,124,1.193237543106079,0
2LZM,fullbackbone,125,0.4831602871417999,1
2LZM,fullbackbone,126,0.9847946763038635,1
2LZM,fullbackbone,127,0.9328708648681641,1
2LZM,fullbackbone,128,0.006289730779826641,1
2LZM,fullbackbone,129,0.11778941750526428,1
2LZM,fullbackbone,130,0.8925371170043945,0
2LZM,fullbackbone,131,0.4643457531929016,0
2LZM,fullbackbone,132,0.02767481468617916,1
2LZM,fullbackbone,133,0.2840048670768738,0
2LZM,fullbackbone,134,1.454613208770752,1
2LZM,fullbackbone,135,0.1849881112575531,1
2LZM,fullbackbone,136,1.3840287923812866,1
2LZM,fullbackbone,137,0.1562911570072174,1
2LZM,fullbackbone,138,0.5999925136566162,1
2LZM,fullbackbone,139,1.085124135017395,0
2LZM,fullbackbone,140,0.9781655073165894,0
2LZM,fullbackbone,141,0.2832842767238617,0
2LZM,fullbackbone,142,0.5182738304138184,1
2LZM,fullbackbone,143,1.0364594459533691,0
2LZM,fullbackbone,144,0.2226928174495697,1
2LZM,fullbackbone,145,0.0,1
2LZM,fullbackbone,146,0.8517987728118896,0
2LZM,fullbackbone,147,0.44741392135620117,0
2LZM,fullbackbone,148,0.0,0
2LZM,fullbackbone,149,0.1081833690404892,1
2LZM,fullbackbone,150,0.3564769923686981,0
2LZM,fullbackbone,151,0.0011161031434312463,1
2LZM,fullbackbone,152,0.03004886396229267,1
2LZM,fullbackbone,153,0.840258002281189,0
2LZM,fullbackbone,154,0.5848184823989868,1
2LZM,fullbackbone,155,0.21291065216064453,1
2LZM,fullbackbone,156,0.47534316778182983,1
2LZM,fullbackbone,157,0.37753984332084656,0
2LZM,fullbackbone,158,0.8436539173126221,0
2LZM,fullbackbone,159,0.18943199515342712,1
2LZM,fullbackbone,160,0.06209488958120346,1
2LZM,fullbackbone,161,1.3371446132659912,0
2LZM,fullbackbone,162,1.2266119718551636,0
2LZM,fullbackbone,163,1.0253314971923828,0
2LZM,ca_only,0,0.951280951499939,1
2LZM,ca_only,1,0.6522268056869507,1
2LZM,ca_only,2,0.2100282460451126,0
2LZM,ca_only,3,0.7818564772605896,0
2LZM,ca_only,4,0.823145866394043,1
2LZM,ca_only,5,0.0,1
2LZM,ca_only,6,0.0,1
2LZM,ca_only,7,0.9391838312149048,1
2LZM,ca_only,8,0.5765429735183716,1
2LZM,ca_only,9,0.2310333549976349,0
2LZM,ca_only,10,0.3641706109046936,1
2LZM,ca_only,11,0.18216460943222046,1
2LZM,ca_only,12,0.525748074054718,1
2LZM,ca_only,13,1.1269052028656006,1
2LZM,ca_only,14,0.6718558073043823,1
2LZM,ca_only,15,1.1695902347564697,0
2LZM,ca_only,16,0.2907055616378784,1
2LZM,ca_only,17,0.3370736539363861,1
2LZM,ca_only,18,1.2200894355773926,1
2LZM,ca_only,19,0.5616049766540527,1
2LZM,ca_only,20,1.0920783281326294,0
2LZM,ca_only,21,0.9220762252807617,0
2LZM,ca_only,22,0.36249813437461853,1
2LZM,ca_only,23,0.6563836932182312,1
2LZM,ca_only,24,0.31771472096443176,1
2LZM,ca_only,25,0.058981627225875854,1
2LZM,ca_only,26,0.0,1
2LZM,ca_only,27,0.018727349117398262,1
2LZM,ca_only,28,0.06783951818943024,1
2LZM,ca_only,29,0.190181702375412,1
2LZM,ca_only,30,0.3352927267551422,1
2LZM,ca_only,31,0.7437516450881958,1
2LZM,ca_only,32,0.2030448615550995,1
2LZM,ca_only,33,0.24324321746826172,1
2LZM,ca_only,34,1.3813750743865967,1
2LZM,ca_only,35,0.36425793170928955,1
2LZM,ca_only,36,1.2016563415527344,0
2LZM,ca_only,37,0.49393075704574585,1
2LZM,ca_only,38,0.7495895624160767,1
2LZM,ca_only,39,1.175919771194458,0
2LZM,ca_only,40,0.3516371250152588,0
2LZM,ca_only,41,0.0,1
2LZM,ca_only,42,0.49468040466308594,1
2LZM,ca_only,43,0.6862480640411377,0
2LZM,ca_only,44,0.5896793603897095,0
2LZM,ca_only,45,0.0,1
2LZM,ca_only,46,0.3866976797580719,1
2LZM,ca_only,47,1.4237700700759888,0
2LZM,ca_only,48,0.4756324291229248,1
2LZM,ca_only,49,0.4226408004760742,0
2LZM,ca_only,50,0.6622523069381714,1
2LZM,ca_only,51,0.9120782613754272,1
2LZM,ca_only,52,1.3119779825210571,0
2LZM,ca_only,53,0.06250177323818207,0
2LZM,ca_only,54,1.1872334480285645,1
2LZM,ca_only,55,0.008805623278021812,1
2LZM,ca_only,56,0.6182003021240234,0
2LZM,ca_only,57,0.08764205873012543,1
2LZM,ca_only,58,0.638252854347229,1
2LZM,ca_only,59,1.05647873878479,0
2LZM,ca_only,60,1.0138990879058838,0
2LZM,ca_only,61,0.3338712453842163,1
2LZM,ca_only,62,0.01590912975370884,1
2LZM,ca_only,63,0.8424073457717896,1
2LZM,ca_only,64,1.190405249595642,1
2LZM,ca_only,65,0.07170292735099792,1
2LZM,ca_only,66,0.14131638407707214,1
2LZM,ca_only,67,0.8514750003814697,0
2LZM,ca_only,68,0.9456616640090942,0
2LZM,ca_only,69,0.37884771823883057,1
2LZM,ca_only,70,0.07421882450580597,0
2LZM,ca_only,71,0.7499154210090637,0
2LZM,ca_only,72,0.4661233425140381,0
2LZM,ca_only,73,0.0810306966304779,1
2LZM,ca_only,74,0.3720683753490448,0
2LZM,ca_only,75,1.2806864976882935,0
2LZM,ca_only,76,0.03522249311208725,0
2LZM,ca_only,77,0.0012579461326822639,1
2LZM,ca_only,78,0.7548762559890747,1
2LZM,ca_only,79,1.7896132469177246,0
2LZM,ca_only,80,0.23283255100250244,1
2LZM,ca_only,81,0.8660906553268433,0
2LZM,ca_only,82,1.2996487617492676,1
2LZM,ca_only,83,0.0012579461326822639,1
2LZM,ca_only,84,0.7565246820449829,1
2LZM,ca_only,85,0.5465645790100098,1
2LZM,ca_only,86,0.028932761400938034,1
2LZM,ca_only,87,0.34063515067100525,1
2LZM,ca_only,88,0.7865722179412842,0
2LZM,ca_only,89,0.3541651666164398,1
2LZM,ca_only,90,0.07717160135507584,1
2LZM,ca_only,91,0.54697585105896,1
2LZM,ca_only,92,0.7354178428649902,0
2LZM,ca_only,93,0.28220632672309875,1
2LZM,ca_only,94,0.21871772408485413,1
2LZM,ca_only,95,0.7084691524505615,1
2LZM,ca_only,96,0.19301944971084595,0
2LZM,ca_only,97,0.0,1
2LZM,ca_only,98,0.0075476765632629395,1
2LZM,ca_only,99,0.10692542046308517,0
2LZM,ca_only,100,0.007974083535373211,0
2LZM,ca_only,101,0.046007316559553146,1
2LZM,ca_only,102,0.11312195658683777,1
2LZM,ca_only,103,0.3283020853996277,0
2LZM,ca_only,104,0.6424151659011841,0
2LZM,ca_only,105,0.5927257537841797,1
2LZM,ca_only,106,0.27347075939178467,1
2LZM,ca_only,107,0.5280734300613403,0
2LZM,ca_only,108,1.1278562545776367,0
2LZM,ca_only,109,0.3162265717983246,1
2LZM,ca_only,110,0.006289730779826641,1
2LZM,ca_only,111,0.22973404824733734,1
2LZM,ca_only,112,0.5474257469177246,0
2LZM,ca_only,113,0.41386428475379944,1
2LZM,ca_only,114,0.833518385887146,0
2LZM,ca_only,115,0.8244886994361877,0
2LZM,ca_only,116,0.021247651427984238,0
2LZM,ca_only,117,0.14969559013843536,1
2LZM,ca_only,118,1.137054681777954,0
2LZM,ca_only,119,0.3126709461212158,0
2LZM,ca_only,120,0.032706599682569504,1
2LZM,ca_only,121,0.8957760334014893,0
2LZM,ca_only,122,0.9893781542778015,0
2LZM,ca_only,123,0.9434369802474976,1
2LZM,ca_only,124,1.193237543106079,1
2LZM,ca_only,125,0.4831602871417999,1
2LZM,ca_only,126,0.9847946763038635,1
2LZM,ca_only,127,0.9328708648681641,1
2LZM,ca_only,128,0.006289730779826641,1
2LZM,ca_only,129,0.11778941750526428,1
2LZM,ca_only,130,0.8925371170043945,0
2LZM,ca_only,131,0.4643457531929016,0
2LZM,ca_only,132,0.02767481468617916,1
2LZM,ca_only,133,0.2840048670768738,0
2LZM,ca_only,134,1.454613208770752,1
2LZM,ca_only,135,0.1849881112575531,1
2LZM,ca_only,136,1.3840287923812866,0
2LZM,ca_only,137,0.1562911570072174,1
2LZM,ca_only,138,0.5999925136566162,1
2LZM,ca_only,139,1.085124135017395,0
2LZM,ca_only,140,0.9781655073165894,0
2LZM,ca_only,141,0.2832842767238617,0
2LZM,ca_only,142,0.5182738304138184,1
2LZM,ca_only,143,1.0364594459533691,0
2LZM,ca_only,144,0.2226928174495697,1
2LZM,ca_only,145,0.0,1
2LZM,ca_only,146,0.8517987728118896,0
2LZM,ca_only,147,0.44741392135620117,0
2LZM,ca_only,148,0.0,0
2LZM,ca_only,149,0.1081833690404892,1
2LZM,ca_only,150,0.3564769923686981,1
2LZM,ca_only,151,0.0011161031434312463,1
2LZM,ca_only,152,0.03004886396229267,1
2LZM,ca_only,153,0.840258002281189,1
2LZM,ca_only,154,0.5848184823989868,1
2LZM,ca_only,155,0.21291065216064453,1
2LZM,ca_only,156,0.47534316778182983,1
2LZM,ca_only,157,0.37753984332084656,1
2LZM,ca_only,158,0.8436539173126221,0
2LZM,ca_only,159,0.18943199515342712,0
2LZM,ca_only,160,0.06209488958120346,0
2LZM,ca_only,161,1.3371446132659912,0
2LZM,ca_only,162,1.2266119718551636,0
2LZM,ca_only,163,1.0253314971923828,1
1MBN,fullbackbone,0,1.6287033557891846,0
1MBN,fullbackbone,1,0.1735564023256302,0
1MBN,fullbackbone,2,0.4898754060268402,1
1MBN,fullbackbone,3,1.2058045864105225,1
1MBN,fullbackbone,4,0.4970782697200775,0
1MBN,fullbackbone,5,0.4463192820549011,1
1MBN,fullbackbone,6,0.1153959333896637,1
1MBN,fullbackbone,7,1.378279447555542,0
1MBN,fullbackbone,8,0.5462411642074585,0
1MBN,fullbackbone,9,0.006289730779826641,1
1MBN,fullbackbone,10,0.486817866563797,1
1MBN,fullbackbone,11,0.9505506753921509,0
1MBN,fullbackbone,12,0.022643031552433968,0
1MBN,fullbackbone,13,0.1646721512079239,0
1MBN,fullbackbone,14,0.6371062994003296,0
1MBN,fullbackbone,15,0.5540024042129517,0
1MBN,fullbackbone,16,0.04654400795698166,1
1MBN,fullbackbone,17,0.901710033416748,1
1MBN,fullbackbone,18,0.8780472874641418,0
1MBN,fullbackbone,19,0.6186019778251648,1
1MBN,fullbackbone,20,0.3599826991558075,0
1MBN,fullbackbone,21,0.23452317714691162,0
1MBN,fullbackbone,22,0.1435529887676239,0
1MBN,fullbackbone,23,0.03522249311208725,0
1MBN,fullbackbone,24,0.0075476765632629395,1
1MBN,fullbackbone,25,0.2416754513978958,0
1MBN,fullbackbone,26,0.5842406749725342,0
1MBN,fullbackbone,27,0.07673470675945282,0
1MBN,fullbackbone,28,0.1195048838853836,1
1MBN,fullbackbone,29,0.13837407529354095,1
1MBN,fullbackbone,30,1.0199229717254639,0
1MBN,fullbackbone,31,0.14969559013843536,0
1MBN,fullbackbone,32,0.12091602385044098,1
1MBN,fullbackbone,33,1.028337001800537,0
1MBN,fullbackbone,34,0.5128732919692993,0
1MBN,fullbackbone,35,0.44648221135139465,0
1MBN,fullbackbone,36,0.7879111766815186,1
1MBN,fullbackbone,37,0.764217734336853,0
1MBN,fullbackbone,38,0.08589130640029907,0
1MBN,fullbackbone,39,0.2000134289264679,1
1MBN,fullbackbone,40,1.2682132720947266,1
1MBN,fullbackbone,41,0.7981169819831848,1
1MBN,fullbackbone,42,0.6063300371170044,1
1MBN,fullbackbone,43,1.132258653640747,0
1MBN,fullbackbone,44,1.187782883644104,0
1MBN,fullbackbone,45,0.030190706253051758,1
1MBN,fullbackbone,46,0.8012903928756714,0
1MBN,fullbackbone,47,1.2734109163284302,1
1MBN,fullbackbone,48,0.08603315055370331,1
1MBN,fullbackbone,49,1.310935139656067,1
1MBN,fullbackbone,50,0.5626715421676636,0
1MBN,fullbackbone,51,0.7859366536140442,1
1MBN,fullbackbone,52,0.6612052917480469,0
1MBN,fullbackbone,53,0.8472063541412354,1
1MBN,fullbackbone,54,0.07170292735099792,0
1MBN,fullbackbone,55,1.2212923765182495,0
1MBN,fullbackbone,56,0.7425005435943604,1
1MBN,fullbackbone,57,0.25845226645469666,0
1MBN,fullbackbone,58,1.0680333375930786,0
1MBN,fullbackbone,59,0.5802537798881531,0
1MBN,fullbackbone,60,0.01132151484489441,0
1MBN,fullbackbone,61,0.665522575378418,0
1MBN,fullbackbone,62,1.3394962549209595,0
1MBN,fullbackbone,63,0.32228684425354004,1
1MBN,fullbackbone,64,0.0012579461326822639,1
1MBN,fullbackbone,65,0.5295953154563904,1
1MBN,fullbackbone,66,0.9214334487915039,0
1MBN,fullbackbone,67,0.41174545884132385,1
1MBN,fullbackbone,68,0.07001945376396179,1
1MBN,fullbackbone,69,0.8126789927482605,0
1MBN,fullbackbone,70,0.4156913459300995,0
1MBN,fullbackbone,71,0.17504334449768066,1
1MBN,fullbackbone,72,0.012579461559653282,0
1MBN,fullbackbone,73,0.3403918147087097,1
1MBN,fullbackbone,74,0.0684778243303299,1
1MBN,fullbackbone,75,0.052833735942840576,0
1MBN,fullbackbone,76,1.0353467464447021,0
1MBN,fullbackbone,77,0.7586706876754761,1
1MBN,fullbackbone,78,0.7656304836273193,0
1MBN,fullbackbone,79,0.21493373811244965,1
1MBN,fullbackbone,80,1.3893778324127197,0
1MBN,fullbackbone,81,0.057341597974300385,0
1MBN,fullbackbone,82,1.164153814315796,0
1MBN,fullbackbone,83,0.6751053333282471,0
1MBN,fullbackbone,84,0.7174038887023926,0
1MBN,fullbackbone,85,0.08554033935070038,0
1MBN,fullbackbone,86,0.931220531463623,0
1MBN,fullbackbone,87,0.6864244341850281,1
1MBN,fullbackbone,88,0.36715269088745117,1
1MBN,fullbackbone,89,0.012579461559653282,1
1MBN,fullbackbone,90,0.6681585907936096,0
1MBN,fullbackbone,91,0.36227768659591675,0
1MBN,fullbackbone,92,0.5516922473907471,1
1MBN,fullbackbone,93,0.049269020557403564,1
1MBN,fullbackbone,94,0.8286218643188477,1
1MBN,fullbackbone,95,1.6710313558578491,0
1MBN,fullbackbone,96,0.8386749029159546,0
1MBN,fullbackbone,97,1.4408924579620361,0
1MBN,fullbackbone,98,0.26028046011924744,0
1MBN,fullbackbone,99,0.517798662185669,0
1MBN,fullbackbone,100,0.44256120920181274,1
1MBN,fullbackbone,101,1.0203185081481934,0
1MBN,fullbackbone,102,0.4241896867752075,0
1MBN,fullbackbone,103,0.21762467920780182,0
1MBN,fullbackbone,104,0.595267117023468,1
1MBN,fullbackbone,105,0.3092942535877228,0
1MBN,fullbackbone,106,0.36983615159988403,0
1MBN,fullbackbone,107,0.044804610311985016,0
1MBN,fullbackbone,108,0.9472756385803223,1
1MBN,fullbackbone,109,0.06550450623035431,1
1MBN,fullbackbone,110,0.15975916385650635,1
1MBN,fullbackbone,111,0.17093881964683533,0
1MBN,fullbackbone,112,0.8904733657836914,0
1MBN,fullbackbone,113,0.1330586075782776,0
1MBN,fullbackbone,114,0.04654400795698166,0
1MBN,fullbackbone,115,0.92938631772995,0
1MBN,fullbackbone,116,0.8068857789039612,0
1MBN,fullbackbone,117,0.9091886281967163,0
1MBN,fullbackbone,118,0.219345360994339,0
1MBN,fullbackbone,119,0.9783652424812317,1
1MBN,fullbackbone,120,0.7129311561584473,0
1MBN,fullbackbone,121,0.7328242659568787,0
1MBN,fullbackbone,122,0.00558051560074091,0
1MBN,fullbackbone,123,0.34555134177207947,1
1MBN,fullbackbone,124,0.8087890148162842,0
1MBN,fullbackbone,125,1.1158080101013184,0
1MBN,fullbackbone,126,0.06964003294706345,0
1MBN,fullbackbone,127,0.6792643666267395,0
1MBN,fullbackbone,128,0.2726915180683136,0
1MBN,fullbackbone,129,0.031351134181022644,1
1MBN,fullbackbone,130,0.037201691418886185,0
1MBN,fullbackbone,131,0.545851469039917,0
1MBN,fullbackbone,132,0.900055468082428,1
1MBN,fullbackbone,133,0.030134784057736397,1
1MBN,fullbackbone,134,0.04151222109794617,1
1MBN,fullbackbone,135,0.9052973985671997,1
1MBN,fullbackbone,136,0.2675861418247223,1
1MBN,fullbackbone,137,0.2503312826156616,0
1MBN,fullbackbone,138,0.39290469884872437,0
1MBN,fullbackbone,139,1.390673041343689,0
1MBN,fullbackbone,140,0.5820157527923584,0
1MBN,fullbackbone,141,0.05031784623861313,1
1MBN,fullbackbone,142,0.13711613416671753,0
1MBN,fullbackbone,143,0.5886539220809937,0
1MBN,fullbackbone,144,0.18142437934875488,0
1MBN,fullbackbone,145,0.09501789510250092,1
1MBN,fullbackbone,146,1.4481987953186035,1
1MBN,fullbackbone,147,1.2909786701202393,1
1MBN,fullbackbone,148,0.623456597328186,1
1MBN,fullbackbone,149,0.641978919506073,1
1MBN,fullbackbone,150,0.9455136060714722,0
1MBN,fullbackbone,151,0.7352124452590942,0
1MBN,fullbackbone,152,1.316464900970459,0
1MBN,ca_only,0,1.6287033557891846,0
1MBN,ca_only,1,0.1735564023256302,1
1MBN,ca_only,2,0.4898754060268402,1
1MBN,ca_only,3,1.2058045864105225,0
1MBN,ca_only,4,0.4970782697200775,0
1MBN,ca_only,5,0.4463192820549011,0
1MBN,ca_only,6,0.1153959333896637,1
1MBN,ca_only,7,1.378279447555542,0
1MBN,ca_only,8,0.5462411642074585,0
1MBN,ca_only,9,0.006289730779826641,1
1MBN,ca_only,10,0.486817866563797,1
1MBN,ca_only,11,0.9505506753921509,0
1MBN,ca_only,12,0.022643031552433968,1
1MBN,ca_only,13,0.1646721512079239,0
1MBN,ca_only,14,0.6371062994003296,0
1MBN,ca_only,15,0.5540024042129517,0
1MBN,ca_only,16,0.04654400795698166,1
1MBN,ca_only,17,0.901710033416748,1
1MBN,ca_only,18,0.8780472874641418,0
1MBN,ca_only,19,0.6186019778251648,1
1MBN,ca_only,20,0.3599826991558075,0
1MBN,ca_only,21,0.23452317714691162,0
1MBN,ca_only,22,0.1435529887676239,1
1MBN,ca_only,23,0.03522249311208725,0
1MBN,ca_only,24,0.0075476765632629395,1
1MBN,ca_only,25,0.2416754513978958,0
1MBN,ca_only,26,0.5842406749725342,1
1MBN,ca_only,27,0.07673470675945282,0
1MBN,ca_only,28,0.1195048838853836,1
1MBN,ca_only,29,0.13837407529354095,0
1MBN,ca_only,30,1.0199229717254639,0
1MBN,ca_only,31,0.14969559013843536,1
1MBN,ca_only,32,0.12091602385044098,1
1MBN,ca_only,33,1.028337001800537,1
1MBN,ca_only,34,0.5128732919692993,0
1MBN,ca_only,35,0.44648221135139465,1
1MBN,ca_only,36,0.7879111766815186,1
1MBN,ca_only,37,0.764217734336853,1
1MBN,ca_only,38,0.08589130640029907,0
1MBN,ca_only,39,0.2000134289264679,1
1MBN,ca_only,40,1.2682132720947266,0
1MBN,ca_only,41,0.7981169819831848,1
1MBN,ca_only,42,0.6063300371170044,1
1MBN,ca_only,43,1.132258653640747,0
1MBN,ca_only,44,1.187782883644104,0
1MBN,ca_only,45,0.030190706253051758,1
1MBN,ca_only,46,0.8012903928756714,1
1MBN,ca_only,47,1.2734109163284302,1
1MBN,ca_only,48,0.08603315055370331,0
1MBN,ca_only,49,1.310935139656067,1
1MBN,ca_only,50,0.5626715421676636,1
1MBN,ca_only,51,0.7859366536140442,1
1MBN,ca_only,52,0.6612052917480469,0
1MBN,ca_only,53,0.8472063541412354,1
1MBN,ca_only,54,0.07170292735099792,0
1MBN,ca_only,55,1.2212923765182495,0
1MBN,ca_only,56,0.7425005435943604,0
1MBN,ca_only,57,0.25845226645469666,0
1MBN,ca_only,58,1.0680333375930786,1
1MBN,ca_only,59,0.5802537798881531,0
1MBN,ca_only,60,0.01132151484489441,0
1MBN,ca_only,61,0.665522575378418,1
1MBN,ca_only,62,1.3394962549209595,0
1MBN,ca_only,63,0.32228684425354004,1
1MBN,ca_only,64,0.0012579461326822639,1
1MBN,ca_only,65,0.5295953154563904,0
1MBN,ca_only,66,0.9214334487915039,0
1MBN,ca_only,67,0.41174545884132385,1
1MBN,ca_only,68,0.07001945376396179,1
1MBN,ca_only,69,0.8126789927482605,0
1MBN,ca_only,70,0.4156913459300995,0
1MBN,ca_only,71,0.17504334449768066,1
1MBN,ca_only,72,0.012579461559653282,0
1MBN,ca_only,73,0.3403918147087097,1
1MBN,ca_only,74,0.0684778243303299,1
1MBN,ca_only,75,0.052833735942840576,0
1MBN,ca_only,76,1.0353467464447021,0
1MBN,ca_only,77,0.7586706876754761,0
1MBN,ca_only,78,0.7656304836273193,0
1MBN,ca_only,79,0.21493373811244965,1
1MBN,ca_only,80,1.3893778324127197,0
1MBN,ca_only,81,0.057341597974300385,0
1MBN,ca_only,82,1.164153814315796,0
1MBN,ca_only,83,0.6751053333282471,1
1MBN,ca_only,84,0.7174038887023926,0
1MBN,ca_only,85,0.08554033935070038,1
1MBN,ca_only,86,0.931220531463623,0
1MBN,ca_only,87,0.6864244341850281,1
1MBN,ca_only,88,0.36715269088745117,1
1MBN,ca_only,89,0.012579461559653282,1
1MBN,ca_only,90,0.6681585907936096,0
1MBN,ca_only,91,0.36227768659591675,0
1MBN,ca_only,92,0.5516922473907471,1
1MBN,ca_only,93,0.049269020557403564,1
1MBN,ca_only,94,0.8286218643188477,0
1MBN,ca_only,95,1.6710313558578491,1
1MBN,ca_only,96,0.8386749029159546,0
1MBN,ca_only,97,1.4408924579620361,0
1MBN,ca_only,98,0.26028046011924744,0
1MBN,ca_only,99,0.517798662185669,0
1MBN,ca_only,100,0.44256120920181274,1
1MBN,ca_only,101,1.0203185081481934,0
1MBN,ca_only,102,0.4241896867752075,0
1MBN,ca_only,103,0.21762467920780182,1
1MBN,ca_only,104,0.595267117023468,0
1MBN,ca_only,105,0.3092942535877228,0
1MBN,ca_only,106,0.36983615159988403,0
1MBN,ca_only,107,0.044804610311985016,0
1MBN,ca_only,108,0.9472756385803223,0
1MBN,ca_only,109,0.06550450623035431,1
1MBN,ca_only,110,0.15975916385650635,0
1MBN,ca_only,111,0.17093881964683533,0
1MBN,ca_only,112,0.8904733657836914,0
1MBN,ca_only,113,0.1330586075782776,1
1MBN,ca_only,114,0.04654400795698166,0
1MBN,ca_only,115,0.92938631772995,0
1MBN,ca_only,116,0.8068857789039612,0
1MBN,ca_only,117,0.9091886281967163,1
1MBN,ca_only,118,0.219345360994339,0
1MBN,ca_only,119,0.9783652424812317,1
1MBN,ca_only,120,0.7129311561584473,0
1MBN,ca_only,121,0.7328242659568787,0
1MBN,ca_only,122,0.00558051560074091,0
1MBN,ca_only,123,0.34555134177207947,1
1MBN,ca_only,124,0.8087890148162842,0
1MBN,ca_only,125,1.1158080101013184,0
1MBN,ca_only,126,0.06964003294706345,0
1MBN,ca_only,127,0.6792643666267395,0
1MBN,ca_only,128,0.2726915180683136,0
1MBN,ca_only,129,0.031351134181022644,1
1MBN,ca_only,130,0.037201691418886185,0
1MBN,ca_only,131,0.545851469039917,0
1MBN,ca_only,132,0.900055468082428,0
1MBN,ca_only,133,0.030134784057736397,0
1MBN,ca_only,134,0.04151222109794617,1
1MBN,ca_only,135,0.9052973985671997,0
1MBN,ca_only,136,0.2675861418247223,1
1MBN,ca_only,137,0.2503312826156616,0
1MBN,ca_only,138,0.39290469884872437,0
1MBN,ca_only,139,1.390673041343689,0
1MBN,ca_only,140,0.5820157527923584,0
1MBN,ca_only,141,0.05031784623861313,1
1MBN,ca_only,142,0.13711613416671753,0
1MBN,ca_only,143,0.5886539220809937,0
1MBN,ca_only,144,0.18142437934875488,0
1MBN,ca_only,145,0.09501789510250092,0
1MBN,ca_only,146,1.4481987953186035,0
1MBN,ca_only,147,1.2909786701202393,1
1MBN,ca_only,148,0.623456597328186,0
1MBN,ca_only,149,0.641978919506073,1
1MBN,ca_only,150,0.9455136060714722,0
1MBN,ca_only,151,0.7352124452590942,0
1MBN,ca_only,152,1.316464900970459,0
3PGK,fullbackbone,0,0.33307865262031555,0
3PGK,fullbackbone,1,1.0750850439071655,0
3PGK,fullbackbone,2,0.10291653871536255,0
3PGK,fullbackbone,3,0.8869554996490479,0
3PGK,fullbackbone,4,1.5171051025390625,0
3PGK,fullbackbone,5,0.1661134958267212,1
3PGK,fullbackbone,6,0.06757093966007233,0
3PGK,fullbackbone,7,0.08098900318145752,0
3PGK,fullbackbone,8,1.083667278289795,0
3PGK,fullbackbone,9,0.8079987168312073,0
3PGK,fullbackbone,10,0.17156288027763367,1
3PGK,fullbackbone,11,0.6432182788848877,0
3PGK,fullbackbone,12,0.039407625794410706,0
3PGK,fullbackbone,13,1.3782565593719482,0
3PGK,fullbackbone,14,1.1812278032302856,0
3PGK,fullbackbone,15,0.6639269590377808,1
3PGK,fullbackbone,16,0.7891178131103516,1
3PGK,fullbackbone,17,0.00474809855222702,1
3PGK,fullbackbone,18,0.015095353126525879,0
3PGK,fullbackbone,19,0.04277016595005989,0
3PGK,fullbackbone,20,0.09129992872476578,0
3PGK,fullbackbone,21,0.006006044335663319,0
3PGK,fullbackbone,22,0.4197346568107605,1
3PGK,fullbackbone,23,0.21198824048042297,0
3PGK,fullbackbone,24,0.15026459097862244,0
3PGK,fullbackbone,25,0.4835677146911621,0
3PGK,fullbackbone,26,0.4191591441631317,1
3PGK,fullbackbone,27,1.3762571811676025,0
3PGK,fullbackbone,28,0.890994668006897,0
3PGK,fullbackbone,29,0.8854416608810425,0
3PGK,fullbackbone,30,1.1222171783447266,0
3PGK,fullbackbone,31,1.4382312297821045,0
3PGK,fullbackbone,32,0.3997127413749695,0
3PGK,fullbackbone,33,0.7441895008087158,0
3PGK,fullbackbone,34,0.600690484046936,0
3PGK,fullbackbone,35,0.8044484853744507,0
3PGK,fullbackbone,36,1.2691128253936768,0
3PGK,fullbackbone,37,1.147096872329712,0
3PGK,fullbackbone,38,0.13258078694343567,0
3PGK,fullbackbone,39,0.7762200832366943,0
3PGK,fullbackbone,40,0.22961018979549408,0
3PGK,fullbackbone,41,0.027176598086953163,0
3PGK,fullbackbone,42,0.26009252667427063,1
3PGK,fullbackbone,43,0.5658956170082092,0
3PGK,fullbackbone,44,0.08996746689081192,1
3PGK,fullbackbone,45,0.03437143564224243,0
3PGK,fullbackbone,46,0.8832004070281982,0
3PGK,fullbackbone,47,0.8318352699279785,0
3PGK,fullbackbone,48,0.10440953075885773,0
3PGK,fullbackbone,49,0.07377465069293976,0
3PGK,fullbackbone,50,0.9404898881912231,1
3PGK,fullbackbone,51,0.6490732431411743,0
3PGK,fullbackbone,52,1.3277205228805542,0
3PGK,fullbackbone,53,0.015076713636517525,1
3PGK,fullbackbone,54,0.7711758613586426,0
3PGK,fullbackbone,55,0.08816079050302505,0
3PGK,fullbackbone,56,0.015095354057848454,1
3PGK,fullbackbone,57,0.007547677028924227,1
3PGK,fullbackbone,58,0.02390097640454769,0
3PGK,fullbackbone,59,0.0033483095467090607,0
3PGK,fullbackbone,60,0.0704449862241745,0
3PGK,fullbackbone,61,0.6885468363761902,0
3PGK,fullbackbone,62,0.286532461643219,0
3PGK,fullbackbone,63,0.46813005208969116,1
3PGK,fullbackbone,64,1.9510910511016846,0
3PGK,fullbackbone,65,0.3038523495197296,1
3PGK,fullbackbone,66,1.319185733795166,0
3PGK,fullbackbone,67,0.5891313552856445,0
3PGK,fullbackbone,68,1.5665472745895386,0
3PGK,fullbackbone,69,1.9665453433990479,0
3PGK,fullbackbone,70,0.8672261834144592,0
3PGK,fullbackbone,71,0.7435250282287598,0
3PGK,fullbackbone,72,1.8105928897857666,0
3PGK,fullbackbone,73,0.98866206407547,0
3PGK,fullbackbone,74,0.46743136644363403,0
3PGK,fullbackbone,75,0.2063031643629074,0
3PGK,fullbackbone,76,0.609062910079956,0
3PGK,fullbackbone,77,0.28435075283050537,1
3PGK,fullbackbone,78,0.12631675601005554,0
3PGK,fullbackbone,79,0.1354326605796814,0
3PGK,fullbackbone,80,1.13796865940094,0
3PGK,fullbackbone,81,0.45808374881744385,0
3PGK,fullbackbone,82,0.016115717589855194,1
3PGK,fullbackbone,83,0.968023419380188,0
3PGK,fullbackbone,84,0.9161561131477356,0
3PGK,fullbackbone,85,0.6719191074371338,0
3PGK,fullbackbone,86,0.3323709964752197,1
3PGK,fullbackbone,87,0.6589295864105225,1
3PGK,fullbackbone,88,0.8210660219192505,0
3PGK,fullbackbone,89,1.042343258857727,0
3PGK,fullbackbone,90,0.20431603491306305,1
3PGK,fullbackbone,91,0.7590228319168091,0
3PGK,fullbackbone,92,0.8683981895446777,0
3PGK,fullbackbone,93,0.5227164030075073,0
3PGK,fullbackbone,94,0.4661882221698761,0
3PGK,fullbackbone,95,0.1686698943376541,0
3PGK,fullbackbone,96,0.04586133360862732,0
3PGK,fullbackbone,97,0.5800363421440125,0
3PGK,fullbackbone,98,0.20989789068698883,0
3PGK,fullbackbone,99,1.2462413311004639,0
3PGK,fullbackbone,100,1.5271689891815186,1
3PGK,fullbackbone,101,0.09477236866950989,0
3PGK,fullbackbone,102,0.8546106815338135,1
3PGK,fullbackbone,103,0.5629923939704895,0
3PGK,fullbackbone,104,0.36292213201522827,0
3PGK,fullbackbone,105,0.151020810008049,0
3PGK,fullbackbone,106,1.2902650833129883,0
3PGK,fullbackbone,107,0.7676452398300171,1
3PGK,fullbackbone,108,0.8693919777870178,0
3PGK,fullbackbone,109,0.5109397172927856,0
3PGK,fullbackbone,110,0.7249619960784912,0
3PGK,fullbackbone,111,0.17124998569488525,0
3PGK,fullbackbone,112,0.035581499338150024,0
3PGK,fullbackbone,113,0.14843764901161194,0
3PGK,fullbackbone,114,0.027674812823534012,0
3PGK,fullbackbone,115,0.0867982804775238,0
3PGK,fullbackbone,116,0.04770619049668312,0
3PGK,fullbackbone,117,0.04452092573046684,0
3PGK,fullbackbone,118,0.12260566651821136,0
3PGK,fullbackbone,119,0.2658448815345764,0
3PGK,fullbackbone,120,0.4908179044723511,0
3PGK,fullbackbone,121,0.7970553040504456,0
3PGK,fullbackbone,122,0.463630348443985,0
3PGK,fullbackbone,123,0.02696559950709343,0
3PGK,fullbackbone,124,0.6799864172935486,0
3PGK,fullbackbone,125,1.271281361579895,0
3PGK,fullbackbone,126,0.39393576979637146,0
3PGK,fullbackbone,127,0.5150361657142639,0
3PGK,fullbackbone,128,0.5610253810882568,0
3PGK,fullbackbone,129,2.0426623821258545,0
3PGK,fullbackbone,130,1.7142126560211182,0
3PGK,fullbackbone,131,1.2085378170013428,0
3PGK,fullbackbone,132,1.3311556577682495,0
3PGK,fullbackbone,133,0.4781985878944397,1
3PGK,fullbackbone,134,1.4598298072814941,0
3PGK,fullbackbone,135,1.3343331813812256,0
3PGK,fullbackbone,136,0.9736607670783997,0
3PGK,fullbackbone,137,0.9308311939239502,0
3PGK,fullbackbone,138,0.7425994873046875,0
3PGK,fullbackbone,139,0.5421340465545654,0
3PGK,fullbackbone,140,1.6763501167297363,0
3PGK,fullbackbone,141,1.0452966690063477,1
3PGK,fullbackbone,142,0.6931219100952148,0
3PGK,fullbackbone,143,0.1886919140815735,0
3PGK,fullbackbone,144,0.9401861429214478,0
3PGK,fullbackbone,145,0.946547269821167,0
3PGK,fullbackbone,146,0.07170292735099792,0
3PGK,fullbackbone,147,0.9967027902603149,0
3PGK,fullbackbone,148,1.3049225807189941,0
3PGK,fullbackbone,149,0.45396625995635986,0
3PGK,fullbackbone,150,0.06608512997627258,1
3PGK,fullbackbone,151,0.14136412739753723,0
3PGK,fullbackbone,152,0.47610121965408325,0
3PGK,fullbackbone,153,0.09294617921113968,0
3PGK,fullbackbone,154,0.12849369645118713,1
3PGK,fullbackbone,155,0.5678573846817017,1
3PGK,fullbackbone,156,0.05031784623861313,1
3PGK,fullbackbone,157,0.0012579461326822639,0
3PGK,fullbackbone,158,0.1354326456785202,0
3PGK,fullbackbone,159,0.006052147597074509,0
3PGK,fullbackbone,160,0.041616782546043396,1
3PGK,fullbackbone,161,0.07838091254234314,0
3PGK,fullbackbone,162,0.25030001997947693,0
3PGK,fullbackbone,163,0.28348106145858765,1
3PGK,fullbackbone,164,0.0670451670885086,0
3PGK,fullbackbone,165,0.04626031965017319,0
3PGK,fullbackbone,166,0.4689178168773651,0
3PGK,fullbackbone,167,1.7053231000900269,0
3PGK,fullbackbone,168,0.3034992218017578,0
3PGK,fullbackbone,169,0.6146294474601746,0
3PGK,fullbackbone,170,0.08236309140920639,0
3PGK,fullbackbone,171,0.03645295277237892,0
3PGK,fullbackbone,172,0.05745648592710495,0
3PGK,fullbackbone,173,0.3747261166572571,1
3PGK,fullbackbone,174,0.20745894312858582,1
3PGK,fullbackbone,175,0.025110162794589996,0
3PGK,fullbackbone,176,1.150742769241333,0
3PGK,fullbackbone,177,0.36449500918388367,0
3PGK,fullbackbone,178,0.7175744771957397,1
3PGK,fullbackbone,179,0.25595957040786743,0
3PGK,fullbackbone,180,0.5981537699699402,1
3PGK,fullbackbone,181,0.052833735942840576,0
3PGK,fullbackbone,182,0.0404510423541069,1
3PGK,fullbackbone,183,0.04277016967535019,1
3PGK,fullbackbone,184,0.6247177720069885,0
3PGK,fullbackbone,185,0.44709745049476624,0
3PGK,fullbackbone,186,0.08931417763233185,1
3PGK,fullbackbone,187,0.43056532740592957,0
3PGK,fullbackbone,188,0.9250540733337402,0
3PGK,fullbackbone,189,0.07812722027301788,0
3PGK,fullbackbone,190,0.19283536076545715,0
3PGK,fullbackbone,191,1.3634033203125,0
3PGK,fullbackbone,192,0.7856984734535217,0
3PGK,fullbackbone,193,0.13144241273403168,0
3PGK,fullbackbone,194,0.18089056015014648,1
3PGK,fullbackbone,195,0.8021759986877441,0
3PGK,fullbackbone,196,0.0573025606572628,0
3PGK,fullbackbone,197,0.631478488445282,0
3PGK,fullbackbone,198,1.5240907669067383,0
3PGK,fullbackbone,199,1.235309362411499,0
3PGK,fullbackbone,200,0.1710629165172577,0
3PGK,fullbackbone,201,1.1982797384262085,0
3PGK,fullbackbone,202,0.9642400145530701,0
3PGK,fullbackbone,203,0.35711485147476196,0
3PGK,fullbackbone,204,0.052833735942840576,0
3PGK,fullbackbone,205,0.0,0
3PGK,fullbackbone,206,0.06541319936513901,0
3PGK,fullbackbone,207,0.05523084104061127,0
3PGK,fullbackbone,208,0.12005361169576645,0
3PGK,fullbackbone,209,0.1009272038936615,1
3PGK,fullbackbone,210,0.2195623815059662,1
3PGK,fullbackbone,211,0.3004078269004822,0
3PGK,fullbackbone,212,1.191685438156128,0
3PGK,fullbackbone,213,0.22698938846588135,0
3PGK,fullbackbone,214,0.6435843110084534,1
3PGK,fullbackbone,215,0.6019992828369141,0
3PGK,fullbackbone,216,0.27355581521987915,0
3PGK,fullbackbone,217,0.5035666823387146,0
3PGK,fullbackbone,218,0.3871539235115051,0
3PGK,fullbackbone,219,0.2758784592151642,1
3PGK,fullbackbone,220,0.3094547390937805,0
3PGK,fullbackbone,221,0.9528789520263672,0
3PGK,fullbackbone,222,0.29125040769577026,0
3PGK,fullbackbone,223,0.2660684585571289,1
3PGK,fullbackbone,224,0.2770732045173645,0
3PGK,fullbackbone,225,0.7662864327430725,0
3PGK,fullbackbone,226,0.6726155877113342,0
3PGK,fullbackbone,227,0.4386017322540283,0
3PGK,fullbackbone,228,0.32307255268096924,0
3PGK,fullbackbone,229,0.2937029004096985,0
3PGK,fullbackbone,230,0.21335263550281525,0
3PGK,fullbackbone,231,0.2654266357421875,1
3PGK,fullbackbone,232,0.016192816197872162,0
3PGK,fullbackbone,233,0.10049384832382202,0
3PGK,fullbackbone,234,0.1855163276195526,0
3PGK,fullbackbone,235,0.04013548418879509,0
3PGK,fullbackbone,236,0.16992349922657013,0
3PGK,fullbackbone,237,0.0377383828163147,0
3PGK,fullbackbone,238,0.31501662731170654,0
3PGK,fullbackbone,239,0.09240879863500595,0
3PGK,fullbackbone,240,0.2517610788345337,0
3PGK,fullbackbone,241,1.0287545919418335,0
3PGK,fullbackbone,242,1.423384189605713,0
3PGK,fullbackbone,243,0.748426079750061,0
3PGK,fullbackbone,244,0.925135612487793,0
3PGK,fullbackbone,245,0.9720158576965332,1
3PGK,fullbackbone,246,0.059358373284339905,0
3PGK,fullbackbone,247,0.1093294620513916,0
3PGK,fullbackbone,248,1.0031853914260864,0
3PGK,fullbackbone,249,0.8634472489356995,0
3PGK,fullbackbone,250,0.0011161031434312463,0
3PGK,fullbackbone,251,0.539350152015686,0
3PGK,fullbackbone,252,0.744544506072998,0
3PGK,fullbackbone,253,0.6728593707084656,0
3PGK,fullbackbone,254,0.15310829877853394,0
3PGK,fullbackbone,255,0.5665062665939331,1
3PGK,fullbackbone,256,1.6076804399490356,0
3PGK,fullbackbone,257,0.5438582301139832,0
3PGK,fullbackbone,258,0.05031784623861313,0
3PGK,fullbackbone,259,0.11824693530797958,0
3PGK,fullbackbone,260,0.5153102278709412,0
3PGK,fullbackbone,261,0.7632386684417725,1
3PGK,fullbackbone,262,0.016353299841284752,0
3PGK,fullbackbone,263,0.14955374598503113,0
3PGK,fullbackbone,264,1.0989563465118408,1
3PGK,fullbackbone,265,0.14281190931797028,1
3PGK,fullbackbone,266,0.3789881467819214,0
3PGK,fullbackbone,267,1.137091875076294,1
3PGK,fullbackbone,268,1.2406362295150757,0
3PGK,fullbackbone,269,0.1184835210442543,0
3PGK,fullbackbone,270,1.4481351375579834,1
3PGK,fullbackbone,271,0.8479143381118774,0
3PGK,fullbackbone,272,1.421771764755249,1
3PGK,fullbackbone,273,0.28657180070877075,1
3PGK,fullbackbone,274,0.7895314693450928,0
3PGK,fullbackbone,275,0.825700581073761,0
3PGK,fullbackbone,276,0.5151615142822266,1
3PGK,fullbackbone,277,0.13320045173168182,1
3PGK,fullbackbone,278,0.3114793598651886,0
3PGK,fullbackbone,279,0.15676181018352509,0
3PGK,fullbackbone,280,0.6525877118110657,0
3PGK,fullbackbone,281,0.11343563348054886,0
3PGK,fullbackbone,282,0.24061869084835052,0
3PGK,fullbackbone,283,0.16339115798473358,1
3PGK,fullbackbone,284,0.3097197711467743,0
3PGK,fullbackbone,285,0.0356488972902298,0
3PGK,fullbackbone,286,1.0758920907974243,0
3PGK,fullbackbone,287,0.5665872097015381,0
3PGK,fullbackbone,288,1.4051214456558228,0
3PGK,fullbackbone,289,0.5430252552032471,0
3PGK,fullbackbone,290,0.3559396266937256,1
3PGK,fullbackbone,291,0.6723920106887817,0
3PGK,fullbackbone,292,0.5265767574310303,0
3PGK,fullbackbone,293,0.6553590297698975,0
3PGK,fullbackbone,294,0.7271796464920044,0
3PGK,fullbackbone,295,1.3239119052886963,0
3PGK,fullbackbone,296,0.5818998217582703,0
3PGK,fullbackbone,297,0.8141355514526367,0
3PGK,fullbackbone,298,0.38225921988487244,0
3PGK,fullbackbone,299,0.6316057443618774,0
3PGK,fullbackbone,300,1.4252855777740479,0
3PGK,fullbackbone,301,0.3676007390022278,0
3PGK,fullbackbone,302,0.14701569080352783,1
3PGK,fullbackbone,303,1.6270664930343628,0
3PGK,fullbackbone,304,0.6229012608528137,1
3PGK,fullbackbone,305,0.5234342813491821,0
3PGK,fullbackbone,306,0.26757413148880005,1
3PGK,fullbackbone,307,1.0376592874526978,0
3PGK,fullbackbone,308,0.1233423501253128,0
3PGK,fullbackbone,309,0.0092355627566576,0
3PGK,fullbackbone,310,0.6497493982315063,0
3PGK,fullbackbone,311,0.060978785157203674,0
3PGK,fullbackbone,312,0.10410267114639282,0
3PGK,fullbackbone,313,0.05017600208520889,1
3PGK,fullbackbone,314,0.5552479028701782,0
3PGK,fullbackbone,315,0.6335924863815308,0
3PGK,fullbackbone,316,0.049392227083444595,0
3PGK,fullbackbone,317,1.2572216987609863,0
3PGK,fullbackbone,318,1.468684434890747,0
3PGK,fullbackbone,319,0.4622114300727844,0
3PGK,fullbackbone,320,0.12327872216701508,0
3PGK,fullbackbone,321,0.2857629060745239,0
3PGK,fullbackbone,322,0.42132318019866943,0
3PGK,fullbackbone,323,0.08431680500507355,0
3PGK,fullbackbone,324,0.034334152936935425,1
3PGK,fullbackbone,325,0.6369949579238892,0
3PGK,fullbackbone,326,1.3818577527999878,1
3PGK,fullbackbone,327,0.39299774169921875,0
3PGK,fullbackbone,328,0.0011161031434312463,0
3PGK,fullbackbone,329,0.11573103815317154,0
3PGK,fullbackbone,330,0.028932761400938034,1
3PGK,fullbackbone,331,0.20931187272071838,0
3PGK,fullbackbone,332,0.11474871635437012,0
3PGK,fullbackbone,333,0.5224372744560242,0
3PGK,fullbackbone,334,0.06667114794254303,1
3PGK,fullbackbone,335,0.16237960755825043,0
3PGK,fullbackbone,336,0.09224831312894821,0
3PGK,fullbackbone,337,0.11084991693496704,0
3PGK,fullbackbone,338,0.22369810938835144,0
3PGK,fullbackbone,339,0.08392413705587387,0
3PGK,fullbackbone,340,1.0386769771575928,0
3PGK,fullbackbone,341,1.0315158367156982,0
3PGK,fullbackbone,342,1.2478346824645996,0
3PGK,fullbackbone,343,1.1952983140945435,0
3PGK,fullbackbone,344,0.022643031552433968,0
3PGK,fullbackbone,345,0.024696113541722298,0
3PGK,fullbackbone,346,0.5900740027427673,0
3PGK,fullbackbone,347,0.1072312667965889,0
3PGK,fullbackbone,348,0.0,0
3PGK,fullbackbone,349,0.7937843799591064,0
3PGK,fullbackbone,350,0.17531004548072815,0
3PGK,fullbackbone,351,0.0461876355111599,0
3PGK,fullbackbone,352,0.08050855249166489,1
3PGK,fullbackbone,353,0.5951812267303467,0
3PGK,fullbackbone,354,0.7634590864181519,0
3PGK,fullbackbone,355,0.015095354057848454,0
3PGK,fullbackbone,356,0.14647048711776733,0
3PGK,fullbackbone,357,1.3603376150131226,0
3PGK,fullbackbone,358,0.14608630537986755,0
3PGK,fullbackbone,359,0.050668809562921524,0
3PGK,fullbackbone,360,0.7614684104919434,0
3PGK,fullbackbone,361,0.5732395648956299,0
3PGK,fullbackbone,362,0.45713135600090027,1
3PGK,fullbackbone,363,0.2053101807832718,0
3PGK,fullbackbone,364,0.24965646862983704,0
3PGK,fullbackbone,365,0.0,0
3PGK,fullbackbone,366,0.0657828077673912,1
3PGK,fullbackbone,367,0.10566747933626175,0
3PGK,fullbackbone,368,0.08252257108688354,1
3PGK,fullbackbone,369,0.22182799875736237,1
3PGK,fullbackbone,370,0.39273175597190857,1
3PGK,fullbackbone,371,0.6981551051139832,0
3PGK,fullbackbone,372,0.0,0
3PGK,fullbackbone,373,0.3993476629257202,0
3PGK,fullbackbone,374,0.7015035152435303,0
3PGK,fullbackbone,375,0.0,0
3PGK,fullbackbone,376,0.11561225354671478,0
3PGK,fullbackbone,377,1.779813289642334,0
3PGK,fullbackbone,378,1.3449645042419434,0
3PGK,fullbackbone,379,0.5668790340423584,0
3PGK,fullbackbone,380,0.2307828664779663,1
3PGK,fullbackbone,381,0.3681243062019348,0
3PGK,fullbackbone,382,0.9573216438293457,0
3PGK,fullbackbone,383,1.2784963846206665,0
3PGK,fullbackbone,384,1.0006237030029297,0
3PGK,fullbackbone,385,0.45561495423316956,0
3PGK,fullbackbone,386,0.21289299428462982,0
3PGK,fullbackbone,387,0.04402986913919449,0
3PGK,fullbackbone,388,0.656466007232666,1
3PGK,fullbackbone,389,0.01132151484489441,0
3PGK,fullbackbone,390,0.6814728379249573,0
3PGK,fullbackbone,391,0.19758884608745575,1
3PGK,fullbackbone,392,0.1788020133972168,1
3PGK,fullbackbone,393,0.4924986660480499,0
3PGK,fullbackbone,394,0.19428926706314087,0
3PGK,fullbackbone,395,0.0011161031434312463,0
3PGK,fullbackbone,396,0.30186980962753296,0
3PGK,fullbackbone,397,0.5496788024902344,0
3PGK,fullbackbone,398,0.12942659854888916,0
3PGK,fullbackbone,399,0.37777209281921387,1
3PGK,fullbackbone,400,0.4620553255081177,0
3PGK,fullbackbone,401,0.21411997079849243,1
3PGK,fullbackbone,402,1.1174479722976685,0
3PGK,fullbackbone,403,1.4795701503753662,0
3PGK,fullbackbone,404,0.04246165603399277,0
3PGK,fullbackbone,405,0.4764484465122223,0
3PGK,fullbackbone,406,0.00614788755774498,1
3PGK,fullbackbone,407,0.05385410040616989,0
3PGK,fullbackbone,408,0.5967260599136353,1
3PGK,fullbackbone,409,0.6897913813591003,0
3PGK,fullbackbone,410,0.07037042081356049,1
3PGK,fullbackbone,411,0.6958469152450562,0
3PGK,fullbackbone,412,0.8079800605773926,0
3PGK,fullbackbone,413,0.5283896327018738,0
3PGK,fullbackbone,414,1.814464807510376,0
3PGK,ca_only,0,0.33307865262031555,0
3PGK,ca_only,1,1.0750850439071655,0
3PGK,ca_only,2,0.10291653871536255,0
3PGK,ca_only,3,0.8869554996490479,0
3PGK,ca_only,4,1.5171051025390625,0
3PGK,ca_only,5,0.1661134958267212,1
3PGK,ca_only,6,0.06757093966007233,1
3PGK,ca_only,7,0.08098900318145752,0
3PGK,ca_only,8,1.083667278289795,0
3PGK,ca_only,9,0.8079987168312073,0
3PGK,ca_only,10,0.17156288027763367,0
3PGK,ca_only,11,0.6432182788848877,1
3PGK,ca_only,12,0.039407625794410706,0
3PGK,ca_only,13,1.3782565593719482,1
3PGK,ca_only,14,1.1812278032302856,0
3PGK,ca_only,15,0.6639269590377808,1
3PGK,ca_only,16,0.7891178131103516,1
3PGK,ca_only,17,0.00474809855222702,1
3PGK,ca_only,18,0.015095353126525879,0
3PGK,ca_only,19,0.04277016595005989,1
3PGK,ca_only,20,0.09129992872476578,0
3PGK,ca_only,21,0.006006044335663319,0
3PGK,ca_only,22,0.4197346568107605,0
3PGK,ca_only,23,0.21198824048042297,0
3PGK,ca_only,24,0.15026459097862244,0
3PGK,ca_only,25,0.4835677146911621,0
3PGK,ca_only,26,0.4191591441631317,0
3PGK,ca_only,27,1.3762571811676025,1
3PGK,ca_only,28,0.890994668006897,0
3PGK,ca_only,29,0.8854416608810425,1
3PGK,ca_only,30,1.1222171783447266,0
3PGK,ca_only,31,1.4382312297821045,1
3PGK,ca_only,32,0.3997127413749695,0
3PGK,ca_only,33,0.7441895008087158,0
3PGK,ca_only,34,0.600690484046936,0
3PGK,ca_only,35,0.8044484853744507,0
3PGK,ca_only,36,1.2691128253936768,0
3PGK,ca_only,37,1.147096872329712,1
3PGK,ca_only,38,0.13258078694343567,1
3PGK,ca_only,39,0.7762200832366943,0
3PGK,ca_only,40,0.22961018979549408,0
3PGK,ca_only,41,0.027176598086953163,0
3PGK,ca_only,42,0.26009252667427063,1
3PGK,ca_only,43,0.5658956170082092,1
3PGK,ca_only,44,0.08996746689081192,1
3PGK,ca_only,45,0.03437143564224243,0
3PGK,ca_only,46,0.8832004070281982,0
3PGK,ca_only,47,0.8318352699279785,0
3PGK,ca_only,48,0.10440953075885773,0
3PGK,ca_only,49,0.07377465069293976,0
3PGK,ca_only,50,0.9404898881912231,1
3PGK,ca_only,51,0.6490732431411743,0
3PGK,ca_only,52,1.3277205228805542,0
3PGK,ca_only,53,0.015076713636517525,0
3PGK,ca_only,54,0.7711758613586426,0
3PGK,ca_only,55,0.08816079050302505,0
3PGK,ca_only,56,0.015095354057848454,1
3PGK,ca_only,57,0.007547677028924227,1
3PGK,ca_only,58,0.02390097640454769,0
3PGK,ca_only,59,0.0033483095467090607,0
3PGK,ca_only,60,0.0704449862241745,0
3PGK,ca_only,61,0.6885468363761902,1
3PGK,ca_only,62,0.286532461643219,0
3PGK,ca_only,63,0.46813005208969116,0
3PGK,ca_only,64,1.9510910511016846,0
3PGK,ca_only,65,0.3038523495197296,1
3PGK,ca_only,66,1.319185733795166,0
3PGK,ca_only,67,0.5891313552856445,1
3PGK,ca_only,68,1.5665472745895386,1
3PGK,ca_only,69,1.9665453433990479,0
3PGK,ca_only,70,0.8672261834144592,0
3PGK,ca_only,71,0.7435250282287598,0
3PGK,ca_only,72,1.8105928897857666,0
3PGK,ca_only,73,0.98866206407547,0
3PGK,ca_only,74,0.46743136644363403,0
3PGK,ca_only,75,0.2063031643629074,0
3PGK,ca_only,76,0.609062910079956,0
3PGK,ca_only,77,0.28435075283050537,0
3PGK,ca_only,78,0.12631675601005554,0
3PGK,ca_only,79,0.1354326605796814,0
3PGK,ca_only,80,1.13796865940094,1
3PGK,ca_only,81,0.45808374881744385,0
3PGK,ca_only,82,0.016115717589855194,0
3PGK,ca_only,83,0.968023419380188,0
3PGK,ca_only,84,0.9161561131477356,0
3PGK,ca_only,85,0.6719191074371338,1
3PGK,ca_only,86,0.3323709964752197,1
3PGK,ca_only,87,0.6589295864105225,1
3PGK,ca_only,88,0.8210660219192505,0
3PGK,ca_only,89,1.042343258857727,0
3PGK,ca_only,90,0.20431603491306305,1
3PGK,ca_only,91,0.7590228319168091,0
3PGK,ca_only,92,0.8683981895446777,0
3PGK,ca_only,93,0.5227164030075073,0
3PGK,ca_only,94,0.4661882221698761,0
3PGK,ca_only,95,0.1686698943376541,0
3PGK,ca_only,96,0.04586133360862732,0
3PGK,ca_only,97,0.5800363421440125,0
3PGK,ca_only,98,0.20989789068698883,0
3PGK,ca_only,99,1.2462413311004639,0
3PGK,ca_only,100,1.5271689891815186,1
3PGK,ca_only,101,0.09477236866950989,0
3PGK,ca_only,102,0.8546106815338135,1
3PGK,ca_only,103,0.5629923939704895,0
3PGK,ca_only,104,0.36292213201522827,0
3PGK,ca_only,105,0.151020810008049,0
3PGK,ca_only,106,1.2902650833129883,0
3PGK,ca_only,107,0.7676452398300171,0
3PGK,ca_only,108,0.8693919777870178,0
3PGK,ca_only,109,0.5109397172927856,0
3PGK,ca_only,110,0.7249619960784912,0
3PGK,ca_only,111,0.17124998569488525,0
3PGK,ca_only,112,0.035581499338150024,0
3PGK,ca_only,113,0.14843764901161194,1
3PGK,ca_only,114,0.027674812823534012,0
3PGK,ca_only,115,0.0867982804775238,0
3PGK,ca_only,116,0.04770619049668312,0
3PGK,ca_only,117,0.04452092573046684,0
3PGK,ca_only,118,0.12260566651821136,1
3PGK,ca_only,119,0.2658448815345764,0
3PGK,ca_only,120,0.4908179044723511,0
3PGK,ca_only,121,0.7970553040504456,0
3PGK,ca_only,122,0.463630348443985,0
3PGK,ca_only,123,0.02696559950709343,0
3PGK,ca_only,124,0.6799864172935486,0
3PGK,ca_only,125,1.271281361579895,0
3PGK,ca_only,126,0.39393576979637146,0
3PGK,ca_only,127,0.5150361657142639,0
3PGK,ca_only,128,0.5610253810882568,0
3PGK,ca_only,129,2.0426623821258545,0
3PGK,ca_only,130,1.7142126560211182,0
3PGK,ca_only,131,1.2085378170013428,0
3PGK,ca_only,132,1.3311556577682495,0
3PGK,ca_only,133,0.4781985878944397,0
3PGK,ca_only,134,1.4598298072814941,0
3PGK,ca_only,135,1.3343331813812256,0
3PGK,ca_only,136,0.9736607670783997,0
3PGK,ca_only,137,0.9308311939239502,0
3PGK,ca_only,138,0.7425994873046875,0
3PGK,ca_only,139,0.5421340465545654,0
3PGK,ca_only,140,1.6763501167297363,0
3PGK,ca_only,141,1.0452966690063477,1
3PGK,ca_only,142,0.6931219100952148,0
3PGK,ca_only,143,0.1886919140815735,0
3PGK,ca_only,144,0.9401861429214478,0
3PGK,ca_only,145,0.946547269821167,0
3PGK,ca_only,146,0.07170292735099792,0
3PGK,ca_only,147,0.9967027902603149,0
3PGK,ca_only,148,1.3049225807189941,0
3PGK,ca_only,149,0.45396625995635986,0
3PGK,ca_only,150,0.06608512997627258,1
3PGK,ca_only,151,0.14136412739753723,1
3PGK,ca_only,152,0.47610121965408325,1
3PGK,ca_only,153,0.09294617921113968,0
3PGK,ca_only,154,0.12849369645118713,0
3PGK,ca_only,155,0.5678573846817017,1
3PGK,ca_only,156,0.05031784623861313,1
3PGK,ca_only,157,0.0012579461326822639,0
3PGK,ca_only,158,0.1354326456785202,0
3PGK,ca_only,159,0.006052147597074509,0
3PGK,ca_only,160,0.041616782546043396,1
3PGK,ca_only,161,0.07838091254234314,0
3PGK,ca_only,162,0.25030001997947693,0
3PGK,ca_only,163,0.28348106145858765,0
3PGK,ca_only,164,0.0670451670885086,0
3PGK,ca_only,165,0.04626031965017319,0
3PGK,ca_only,166,0.4689178168773651,0
3PGK,ca_only,167,1.7053231000900269,0
3PGK,ca_only,168,0.3034992218017578,0
3PGK,ca_only,169,0.6146294474601746,0
3PGK,ca_only,170,0.08236309140920639,0
3PGK,ca_only,171,0.03645295277237892,0
3PGK,ca_only,172,0.05745648592710495,0
3PGK,ca_only,173,0.3747261166572571,0
3PGK,ca_only,174,0.20745894312858582,1
3PGK,ca_only,175,0.025110162794589996,0
3PGK,ca_only,176,1.150742769241333,0
3PGK,ca_only,177,0.36449500918388367,0
3PGK,ca_only,178,0.7175744771957397,0
3PGK,ca_only,179,0.25595957040786743,0
3PGK,ca_only,180,0.5981537699699402,1
3PGK,ca_only,181,0.052833735942840576,1
3PGK,ca_only,182,0.0404510423541069,0
3PGK,ca_only,183,0.04277016967535019,1
3PGK,ca_only,184,0.6247177720069885,0
3PGK,ca_only,185,0.44709745049476624,0
3PGK,ca_only,186,0.08931417763233185,0
3PGK,ca_only,187,0.43056532740592957,0
3PGK,ca_only,188,0.9250540733337402,0
3PGK,ca_only,189,0.07812722027301788,0
3PGK,ca_only,190,0.19283536076545715,1
3PGK,ca_only,191,1.3634033203125,0
3PGK,ca_only,192,0.7856984734535217,0
3PGK,ca_only,193,0.13144241273403168,0
3PGK,ca_only,194,0.18089056015014648,1
3PGK,ca_only,195,0.8021759986877441,0
3PGK,ca_only,196,0.0573025606572628,0
3PGK,ca_only,197,0.631478488445282,0
3PGK,ca_only,198,1.5240907669067383,1
3PGK,ca_only,199,1.235309362411499,0
3PGK,ca_only,200,0.1710629165172577,0
3PGK,ca_only,201,1.1982797384262085,0
3PGK,ca_only,202,0.9642400145530701,1
3PGK,ca_only,203,0.35711485147476196,0
3PGK,ca_only,204,0.052833735942840576,0
3PGK,ca_only,205,0.0,0
3PGK,ca_only,206,0.06541319936513901,0
3PGK,ca_only,207,0.05523084104061127,1
3PGK,ca_only,208,0.12005361169576645,1
3PGK,ca_only,209,0.1009272038936615,1
3PGK,ca_only,210,0.2195623815059662,1
3PGK,ca_only,211,0.3004078269004822,0
3PGK,ca_only,212,1.191685438156128,0
3PGK,ca_only,213,0.22698938846588135,0
3PGK,ca_only,214,0.6435843110084534,0
3PGK,ca_only,215,0.6019992828369141,0
3PGK,ca_only,216,0.27355581521987915,0
3PGK,ca_only,217,0.5035666823387146,0
3PGK,ca_only,218,0.3871539235115051,0
3PGK,ca_only,219,0.2758784592151642,0
3PGK,ca_only,220,0.3094547390937805,0
3PGK,ca_only,221,0.9528789520263672,0
3PGK,ca_only,222,0.29125040769577026,0
3PGK,ca_only,223,0.2660684585571289,1
3PGK,ca_only,224,0.2770732045173645,0
3PGK,ca_only,225,0.7662864327430725,1
3PGK,ca_only,226,0.6726155877113342,0
3PGK,ca_only,227,0.4386017322540283,0
3PGK,ca_only,228,0.32307255268096924,0
3PGK,ca_only,229,0.2937029004096985,0
3PGK,ca_only,230,0.21335263550281525,0
3PGK,ca_only,231,0.2654266357421875,0
3PGK,ca_only,232,0.016192816197872162,0
3PGK,ca_only,233,0.10049384832382202,0
3PGK,ca_only,234,0.1855163276195526,0
3PGK,ca_only,235,0.04013548418879509,0
3PGK,ca_only,236,0.16992349922657013,0
3PGK,ca_only,237,0.0377383828163147,0
3PGK,ca_only,238,0.31501662731170654,0
3PGK,ca_only,239,0.09240879863500595,0
3PGK,ca_only,240,0.2517610788345337,0
3PGK,ca_only,241,1.0287545919418335,0
3PGK,ca_only,242,1.423384189605713,0
3PGK,ca_only,243,0.748426079750061,0
3PGK,ca_only,244,0.925135612487793,0
3PGK,ca_only,245,0.9720158576965332,0
3PGK,ca_only,246,0.059358373284339905,0
3PGK,ca_only,247,0.1093294620513916,0
3PGK,ca_only,248,1.0031853914260864,1
3PGK,ca_only,249,0.8634472489356995,0
3PGK,ca_only,250,0.0011161031434312463,0
3PGK,ca_only,251,0.539350152015686,0
3PGK,ca_only,252,0.744544506072998,0
3PGK,ca_only,253,0.6728593707084656,0
3PGK,ca_only,254,0.15310829877853394,0
3PGK,ca_only,255,0.5665062665939331,1
3PGK,ca_only,256,1.6076804399490356,0
3PGK,ca_only,257,0.5438582301139832,0
3PGK,ca_only,258,0.05031784623861313,0
3PGK,ca_only,259,0.11824693530797958,0
3PGK,ca_only,260,0.5153102278709412,0
3PGK,ca_only,261,0.7632386684417725,0
3PGK,ca_only,262,0.016353299841284752,0
3PGK,ca_only,263,0.14955374598503113,0
3PGK,ca_only,264,1.0989563465118408,0
3PGK,ca_only,265,0.14281190931797028,1
3PGK,ca_only,266,0.3789881467819214,0
3PGK,ca_only,267,1.137091875076294,1
3PGK,ca_only,268,1.2406362295150757,0
3PGK,ca_only,269,0.1184835210442543,0
3PGK,ca_only,270,1.4481351375579834,0
3PGK,ca_only,271,0.8479143381118774,0
3PGK,ca_only,272,1.421771764755249,0
3PGK,ca_only,273,0.28657180070877075,1
3PGK,ca_only,274,0.7895314693450928,0
3PGK,ca_only,275,0.825700581073761,1
3PGK,ca_only,276,0.5151615142822266,1
3PGK,ca_only,277,0.13320045173168182,1
3PGK,ca_only,278,0.3114793598651886,0
3PGK,ca_only,279,0.15676181018352509,0
3PGK,ca_only,280,0.6525877118110657,0
3PGK,ca_only,281,0.11343563348054886,0
3PGK,ca_only,282,0.24061869084835052,0
3PGK,ca_only,283,0.16339115798473358,0
3PGK,ca_only,284,0.3097197711467743,0
3PGK,ca_only,285,0.0356488972902298,1
3PGK,ca_only,286,1.0758920907974243,0
3PGK,ca_only,287,0.5665872097015381,0
3PGK,ca_only,288,1.4051214456558228,0
3PGK,ca_only,289,0.5430252552032471,0
3PGK,ca_only,290,0.3559396266937256,0
3PGK,ca_only,291,0.6723920106887817,0
3PGK,ca_only,292,0.5265767574310303,1
3PGK,ca_only,293,0.6553590297698975,0
3PGK,ca_only,294,0.7271796464920044,0
3PGK,ca_only,295,1.3239119052886963,0
3PGK,ca_only,296,0.5818998217582703,0
3PGK,ca_only,297,0.8141355514526367,0
3PGK,ca_only,298,0.38225921988487244,0
3PGK,ca_only,299,0.6316057443618774,0
3PGK,ca_only,300,1.4252855777740479,0
3PGK,ca_only,301,0.3676007390022278,0
3PGK,ca_only,302,0.14701569080352783,0
3PGK,ca_only,303,1.6270664930343628,0
3PGK,ca_only,304,0.6229012608528137,0
3PGK,ca_only,305,0.5234342813491821,0
3PGK,ca_only,306,0.26757413148880005,0
3PGK,ca_only,307,1.0376592874526978,0
3PGK,ca_only,308,0.1233423501253128,0
3PGK,ca_only,309,0.0092355627566576,0
3PGK,ca_only,310,0.6497493982315063,0
3PGK,ca_only,311,0.060978785157203674,0
3PGK,ca_only,312,0.10410267114639282,0
3PGK,ca_only,313,0.05017600208520889,1
3PGK,ca_only,314,0.5552479028701782,0
3PGK,ca_only,315,0.6335924863815308,0
3PGK,ca_only,316,0.049392227083444595,0
3PGK,ca_only,317,1.2572216987609863,0
3PGK,ca_only,318,1.468684434890747,0
3PGK,ca_only,319,0.4622114300727844,0
3PGK,ca_only,320,0.12327872216701508,0
3PGK,ca_only,321,0.2857629060745239,0
3PGK,ca_only,322,0.42132318019866943,0
3PGK,ca_only,323,0.08431680500507355,0
3PGK,ca_only,324,0.034334152936935425,0
3PGK,ca_only,325,0.6369949579238892,0
3PGK,ca_only,326,1.3818577527999878,1
3PGK,ca_only,327,0.39299774169921875,0
3PGK,ca_only,328,0.0011161031434312463,0
3PGK,ca_only,329,0.11573103815317154,1
3PGK,ca_only,330,0.028932761400938034,0
3PGK,ca_only,331,0.20931187272071838,0
3PGK,ca_only,332,0.11474871635437012,0
3PGK,ca_only,333,0.5224372744560242,0
3PGK,ca_only,334,0.06667114794254303,1
3PGK,ca_only,335,0.16237960755825043,0
3PGK,ca_only,336,0.09224831312894821,0
3PGK,ca_only,337,0.11084991693496704,0
3PGK,ca_only,338,0.22369810938835144,0
3PGK,ca_only,339,0.08392413705587387,1
3PGK,ca_only,340,1.0386769771575928,0
3PGK,ca_only,341,1.0315158367156982,0
3PGK,ca_only,342,1.2478346824645996,1
3PGK,ca_only,343,1.1952983140945435,0
3PGK,ca_only,344,0.022643031552433968,0
3PGK,ca_only,345,0.024696113541722298,0
3PGK,ca_only,346,0.5900740027427673,0
3PGK,ca_only,347,0.1072312667965889,0
3PGK,ca_only,348,0.0,0
3PGK,ca_only,349,0.7937843799591064,0
3PGK,ca_only,350,0.17531004548072815,0
3PGK,ca_only,351,0.0461876355111599,0
3PGK,ca_only,352,0.08050855249166489,0
3PGK,ca_only,353,0.5951812267303467,0
3PGK,ca_only,354,0.7634590864181519,0
3PGK,ca_only,355,0.015095354057848454,0
3PGK,ca_only,356,0.14647048711776733,0
3PGK,ca_only,357,1.3603376150131226,0
3PGK,ca_only,358,0.14608630537986755,0
3PGK,ca_only,359,0.050668809562921524,1
3PGK,ca_only,360,0.7614684104919434,0
3PGK,ca_only,361,0.5732395648956299,0
3PGK,ca_only,362,0.45713135600090027,0
3PGK,ca_only,363,0.2053101807832718,0
3PGK,ca_only,364,0.24965646862983704,0
3PGK,ca_only,365,0.0,0
3PGK,ca_only,366,0.0657828077673912,1
3PGK,ca_only,367,0.10566747933626175,0
3PGK,ca_only,368,0.08252257108688354,1
3PGK,ca_only,369,0.22182799875736237,1
3PGK,ca_only,370,0.39273175597190857,0
3PGK,ca_only,371,0.6981551051139832,0
3PGK,ca_only,372,0.0,0
3PGK,ca_only,373,0.3993476629257202,0
3PGK,ca_only,374,0.7015035152435303,0
3PGK,ca_only,375,0.0,0
3PGK,ca_only,376,0.11561225354671478,0
3PGK,ca_only,377,1.779813289642334,1
3PGK,ca_only,378,1.3449645042419434,1
3PGK,ca_only,379,0.5668790340423584,0
3PGK,ca_only,380,0.2307828664779663,1
3PGK,ca_only,381,0.3681243062019348,0
3PGK,ca_only,382,0.9573216438293457,0
3PGK,ca_only,383,1.2784963846206665,0
3PGK,ca_only,384,1.0006237030029297,0
3PGK,ca_only,385,0.45561495423316956,0
3PGK,ca_only,386,0.21289299428462982,0
3PGK,ca_only,387,0.04402986913919449,0
3PGK,ca_only,388,0.656466007232666,0
3PGK,ca_only,389,0.01132151484489441,0
3PGK,ca_only,390,0.6814728379249573,0
3PGK,ca_only,391,0.19758884608745575,1
3PGK,ca_only,392,0.1788020133972168,1
3PGK,ca_only,393,0.4924986660480499,0
3PGK,ca_only,394,0.19428926706314087,1
3PGK,ca_only,395,0.0011161031434312463,0
3PGK,ca_only,396,0.30186980962753296,1
3PGK,ca_only,397,0.5496788024902344,0
3PGK,ca_only,398,0.12942659854888916,0
3PGK,ca_only,399,0.37777209281921387,1
3PGK,ca_only,400,0.4620553255081177,0
3PGK,ca_only,401,0.21411997079849243,1
3PGK,ca_only,402,1.1174479722976685,0
3PGK,ca_only,403,1.4795701503753662,1
3PGK,ca_only,404,0.04246165603399277,0
3PGK,ca_only,405,0.4764484465122223,0
3PGK,ca_only,406,0.00614788755774498,1
3PGK,ca_only,407,0.05385410040616989,0
3PGK,ca_only,408,0.5967260599136353,0
3PGK,ca_only,409,0.6897913813591003,0
3PGK,ca_only,410,0.07037042081356049,0
3PGK,ca_only,411,0.6958469152450562,0
3PGK,ca_only,412,0.8079800605773926,0
3PGK,ca_only,413,0.5283896327018738,0
3PGK,ca_only,414,1.814464807510376,0
2PCY,fullbackbone,0,0.652168333530426,0
2PCY,fullbackbone,1,0.8920992612838745,0
2PCY,fullbackbone,2,0.0012579461326822639,1
2PCY,fullbackbone,3,0.4981466829776764,0
2PCY,fullbackbone,4,0.0,0
2PCY,fullbackbone,5,0.0,1
2PCY,fullbackbone,6,0.17485450208187103,0
2PCY,fullbackbone,7,1.384251594543457,0
2PCY,fullbackbone,8,1.2354847192764282,1
2PCY,fullbackbone,9,0.40081802010536194,1
2PCY,fullbackbone,10,0.5035252571105957,1
2PCY,fullbackbone,11,0.592078447341919,0
2PCY,fullbackbone,12,0.3182603716850281,0
2PCY,fullbackbone,13,0.08393825590610504,1
2PCY,fullbackbone,14,0.5872630476951599,1
2PCY,fullbackbone,15,0.4785647392272949,1
2PCY,fullbackbone,16,0.4464627504348755,1
2PCY,fullbackbone,17,1.3451000452041626,0
2PCY,fullbackbone,18,0.21910420060157776,1
2PCY,fullbackbone,19,0.7093145847320557,0
2PCY,fullbackbone,20,0.036480437964200974,1
2PCY,fullbackbone,21,0.5816089510917664,0
2PCY,fullbackbone,22,0.6112654209136963,1
2PCY,fullbackbone,23,0.5433043241500854,1
2PCY,fullbackbone,24,0.6795974969863892,1
2PCY,fullbackbone,25,0.8818466663360596,1
2PCY,fullbackbone,26,0.0,1
2PCY,fullbackbone,27,0.3308398425579071,0
2PCY,fullbackbone,28,0.0,1
2PCY,fullbackbone,29,0.6554288864135742,0
2PCY,fullbackbone,30,0.0033483095467090607,1
2PCY,fullbackbone,31,0.29870522022247314,0
2PCY,fullbackbone,32,0.1899498552083969,1
2PCY,fullbackbone,33,0.3910544216632843,1
2PCY,fullbackbone,34,0.6893512010574341,0
2PCY,fullbackbone,35,0.519123911857605,1
2PCY,fullbackbone,36,0.0,1
2PCY,fullbackbone,37,0.0,1
2PCY,fullbackbone,38,0.0,0
2PCY,fullbackbone,39,0.1408899575471878,1
2PCY,fullbackbone,40,0.07031449675559998,1
2PCY,fullbackbone,41,0.4832240045070648,1
2PCY,fullbackbone,42,1.3856829404830933,0
2PCY,fullbackbone,43,1.3379831314086914,1
2PCY,fullbackbone,44,0.44559746980667114,0
2PCY,fullbackbone,45,0.2465915083885193,0
2PCY,fullbackbone,46,0.21044661104679108,1
2PCY,fullbackbone,47,1.183646559715271,0
2PCY,fullbackbone,48,0.8640316724777222,1
2PCY,fullbackbone,49,0.3568838834762573,1
2PCY,fullbackbone,50,0.6804255247116089,1
2PCY,fullbackbone,51,0.21631619334220886,1
2PCY,fullbackbone,52,0.8845071196556091,1
2PCY,fullbackbone,53,1.5755558013916016,1
2PCY,fullbackbone,54,0.1572432667016983,0
2PCY,fullbackbone,55,0.22928258776664734,1
2PCY,fullbackbone,56,0.2154863029718399,1
2PCY,fullbackbone,57,0.3796912431716919,0
2PCY,fullbackbone,58,1.2148032188415527,1
2PCY,fullbackbone,59,1.2854881286621094,0
2PCY,fullbackbone,60,0.6907219290733337,0
2PCY,fullbackbone,61,0.7374813556671143,0
2PCY,fullbackbone,62,0.1031515821814537,1
2PCY,fullbackbone,63,0.9603979587554932,1
2PCY,fullbackbone,64,0.47927746176719666,0
2PCY,fullbackbone,65,1.2613976001739502,0
2PCY,fullbackbone,66,0.3921736478805542,1
2PCY,fullbackbone,67,0.6395217180252075,1
2PCY,fullbackbone,68,0.6691081523895264,1
2PCY,fullbackbone,69,0.4402811527252197,0
2PCY,fullbackbone,70,1.0518900156021118,1
2PCY,fullbackbone,71,0.07799266278743744,1
2PCY,fullbackbone,72,0.3926401138305664,0
2PCY,fullbackbone,73,0.03144865483045578,0
2PCY,fullbackbone,74,0.7843331694602966,0
2PCY,fullbackbone,75,0.7590067982673645,0
2PCY,fullbackbone,76,1.2390516996383667,1
2PCY,fullbackbone,77,0.24591471254825592,1
2PCY,fullbackbone,78,1.0045379400253296,0
2PCY,fullbackbone,79,0.03181825950741768,1
2PCY,fullbackbone,80,0.31762251257896423,0
2PCY,fullbackbone,81,0.03683140501379967,1
2PCY,fullbackbone,82,0.49031615257263184,1
2PCY,fullbackbone,83,0.0,1
2PCY,fullbackbone,84,0.40483903884887695,1
2PCY,fullbackbone,85,0.7346158027648926,0
2PCY,fullbackbone,86,0.3893143832683563,1
2PCY,fullbackbone,87,0.8362354040145874,0
2PCY,fullbackbone,88,0.8735570907592773,0
2PCY,fullbackbone,89,0.7087254524230957,0
2PCY,fullbackbone,90,0.40718308091163635,1
2PCY,fullbackbone,91,0.0025158922653645277,0
2PCY,fullbackbone,92,0.6725497245788574,0
2PCY,fullbackbone,93,0.12572887539863586,1
2PCY,fullbackbone,94,0.5499280691146851,0
2PCY,fullbackbone,95,0.0,0
2PCY,fullbackbone,96,0.3401123285293579,1
2PCY,fullbackbone,97,0.037947505712509155,1
2PCY,fullbackbone,98,1.1313354969024658,0
2PCY,ca_only,0,0.652168333530426,0
2PCY,ca_only,1,0.8920992612838745,0
2PCY,ca_only,2,0.0012579461326822639,0
2PCY,ca_only,3,0.4981466829776764,0
2PCY,ca_only,4,0.0,1
2PCY,ca_only,5,0.0,1
2PCY,ca_only,6,0.17485450208187103,0
2PCY,ca_only,7,1.384251594543457,0
2PCY,ca_only,8,1.2354847192764282,1
2PCY,ca_only,9,0.40081802010536194,1
2PCY,ca_only,10,0.5035252571105957,0
2PCY,ca_only,11,0.592078447341919,0
2PCY,ca_only,12,0.3182603716850281,0
2PCY,ca_only,13,0.08393825590610504,1
2PCY,ca_only,14,0.5872630476951599,0
2PCY,ca_only,15,0.4785647392272949,1
2PCY,ca_only,16,0.4464627504348755,1
2PCY,ca_only,17,1.3451000452041626,0
2PCY,ca_only,18,0.21910420060157776,0
2PCY,ca_only,19,0.7093145847320557,0
2PCY,ca_only,20,0.036480437964200974,0
2PCY,ca_only,21,0.5816089510917664,0
2PCY,ca_only,22,0.6112654209136963,1
2PCY,ca_only,23,0.5433043241500854,1
2PCY,ca_only,24,0.6795974969863892,1
2PCY,ca_only,25,0.8818466663360596,0
2PCY,ca_only,26,0.0,0
2PCY,ca_only,27,0.3308398425579071,0
2PCY,ca_only,28,0.0,1
2PCY,ca_only,29,0.6554288864135742,0
2PCY,ca_only,30,0.0033483095467090607,0
2PCY,ca_only,31,0.29870522022247314,0
2PCY,ca_only,32,0.1899498552083969,0
2PCY,ca_only,33,0.3910544216632843,0
2PCY,ca_only,34,0.6893512010574341,0
2PCY,ca_only,35,0.519123911857605,1
2PCY,ca_only,36,0.0,1
2PCY,ca_only,37,0.0,1
2PCY,ca_only,38,0.0,0
2PCY,ca_only,39,0.1408899575471878,1
2PCY,ca_only,40,0.07031449675559998,0
2PCY,ca_only,41,0.4832240045070648,1
2PCY,ca_only,42,1.3856829404830933,0
2PCY,ca_only,43,1.3379831314086914,0
2PCY,ca_only,44,0.44559746980667114,1
2PCY,ca_only,45,0.2465915083885193,0
2PCY,ca_only,46,0.21044661104679108,1
2PCY,ca_only,47,1.183646559715271,0
2PCY,ca_only,48,0.8640316724777222,1
2PCY,ca_only,49,0.3568838834762573,1
2PCY,ca_only,50,0.6804255247116089,1
2PCY,ca_only,51,0.21631619334220886,0
2PCY,ca_only,52,0.8845071196556091,0
2PCY,ca_only,53,1.5755558013916016,1
2PCY,ca_only,54,0.1572432667016983,0
2PCY,ca_only,55,0.22928258776664734,1
2PCY,ca_only,56,0.2154863029718399,1
2PCY,ca_only,57,0.3796912431716919,0
2PCY,ca_only,58,1.2148032188415527,1
2PCY,ca_only,59,1.2854881286621094,0
2PCY,ca_only,60,0.6907219290733337,0
2PCY,ca_only,61,0.7374813556671143,0
2PCY,ca_only,62,0.1031515821814537,1
2PCY,ca_only,63,0.9603979587554932,0
2PCY,ca_only,64,0.47927746176719666,0
2PCY,ca_only,65,1.2613976001739502,1
2PCY,ca_only,66,0.3921736478805542,1
2PCY,ca_only,67,0.6395217180252075,0
2PCY,ca_only,68,0.6691081523895264,1
2PCY,ca_only,69,0.4402811527252197,1
2PCY,ca_only,70,1.0518900156021118,0
2PCY,ca_only,71,0.07799266278743744,1
2PCY,ca_only,72,0.3926401138305664,0
2PCY,ca_only,73,0.03144865483045578,0
2PCY,ca_only,74,0.7843331694602966,0
2PCY,ca_only,75,0.7590067982673645,0
2PCY,ca_only,76,1.2390516996383667,0
2PCY,ca_only,77,0.24591471254825592,1
2PCY,ca_only,78,1.0045379400253296,0
2PCY,ca_only,79,0.03181825950741768,1
2PCY,ca_only,80,0.31762251257896423,0
2PCY,ca_only,81,0.03683140501379967,1
2PCY,ca_only,82,0.49031615257263184,1
2PCY,ca_only,83,0.0,1
2PCY,ca_only,84,0.40483903884887695,0
2PCY,ca_only,85,0.7346158027648926,0
2PCY,ca_only,86,0.3893143832683563,0
2PCY,ca_only,87,0.8362354040145874,0
2PCY,ca_only,88,0.8735570907592773,0
2PCY,ca_only,89,0.7087254524230957,0
2PCY,ca_only,90,0.40718308091163635,1
2PCY,ca_only,91,0.0025158922653645277,0
2PCY,ca_only,92,0.6725497245788574,0
2PCY,ca_only,93,0.12572887539863586,1
2PCY,ca_only,94,0.5499280691146851,0
2PCY,ca_only,95,0.0,0
2PCY,ca_only,96,0.3401123285293579,1
2PCY,ca_only,97,0.037947505712509155,1
2PCY,ca_only,98,1.1313354969024658,0
